ID,VWO EG1,VWO EG2,VWO EG3,VWO EG4,VWO EG5,VWO EG6,Doorlopend?,HAVO EG1,HAVO EG2,HAVO EG3,HAVO EG4,HAVO EG5,Doorlopend?,,MAVO EG1,MAVO EG2,MAVO EG3,MAVO EG4,Doorlopend?
2342079,,,,,,6.077777778,FALSE,,,,,,FALSE,,,,,,FALSE
2720796,,,,,,6.5,FALSE,,,,,,FALSE,,,,,,FALSE
2721288,,,,,,6.854545455,FALSE,,,,,,FALSE,,,,,,FALSE
2742936,,,,,,,FALSE,,,,,7.37,FALSE,,,,,,FALSE
2747118,,,,,,,FALSE,,,,5.54,,FALSE,,,,,,FALSE
2762247,,,,,,7,FALSE,,,,,,FALSE,,,,,,FALSE
2762370,,,,,,6.445454545,FALSE,,,,,,FALSE,,,,,,FALSE
2762493,,,,,,6.84,FALSE,,,,,,FALSE,,,,,,FALSE
2762739,,,,,,6.781818182,FALSE,,,,,,FALSE,,,,,,FALSE
2762985,,,,,,6.511111111,FALSE,,,,,,FALSE,,,,,,FALSE
2763231,,,,,,6.290909091,FALSE,,,,,,FALSE,,,,,,FALSE
2763723,,,,,5.527272727,,FALSE,,,,,,FALSE,,,,,,FALSE
2764830,,,,,,,FALSE,,,,,6.08,FALSE,,,,,,FALSE
2764953,,,,,,,FALSE,,,,,6.1,FALSE,,,,,,FALSE
2765814,,,,,,,FALSE,,,,,6.845454545,FALSE,,,,,,FALSE
2765937,,,,,,7.175,FALSE,,,,,,FALSE,,,,,,FALSE
2771349,,,,,,,FALSE,,,,,6.06,FALSE,,,,,,FALSE
2771718,,,,,,6.727272727,FALSE,,,,,,FALSE,,,,,,FALSE
2771841,,,,,,6.790909091,FALSE,,,,,,FALSE,,,,,,FALSE
2772087,,,,,,,FALSE,,,,,5.99,FALSE,,,,,,FALSE
2772333,,,,,,6.763636364,FALSE,,,,,,FALSE,,,,,,FALSE
2772456,,,,,,7.14,FALSE,,,,,,FALSE,,,,,,FALSE
2772702,,,,,,6.427272727,FALSE,,,,,,FALSE,,,,,,FALSE
2772825,,,,,,,FALSE,,,,6.19,6.23,FALSE,,,,,,FALSE
2773317,,,,,,,FALSE,,,,,6.272727273,FALSE,,,,,,FALSE
2774301,,,,,,,FALSE,,,,,6.69,FALSE,,,,,,FALSE
2774547,,,,,,,FALSE,,,,5.28,,FALSE,,,,,,FALSE
2776515,,,,,,6.4,FALSE,,,,,,FALSE,,,,,,FALSE
2776638,,,,,,6.2,FALSE,,,,,,FALSE,,,,,,FALSE
2776884,,,,,,6.9,FALSE,,,,,,FALSE,,,,,,FALSE
2777868,,,,,,6.636363636,FALSE,,,,,,FALSE,,,,,,FALSE
2780451,,,,,,6.454545455,FALSE,,,,,,FALSE,,,,,,FALSE
2780574,,,,,,,FALSE,,,,5.52,,FALSE,,,,,,FALSE
2782050,,,,,,7.236363636,FALSE,,,,,,FALSE,,,,,,FALSE
2782296,,,,,,6.55,FALSE,,,,,,FALSE,,,,,,FALSE
2782542,,,,,,7.018181818,FALSE,,,,,,FALSE,,,,,,FALSE
2782911,,,,,,7.533333333,FALSE,,,,,,FALSE,,,,,,FALSE
2783034,,,,,,8.090909091,FALSE,,,,,,FALSE,,,,,,FALSE
2783649,,,,,,,FALSE,,,,,6.51,FALSE,,,,,,FALSE
2784264,,,,,,,FALSE,,,,,6.68,FALSE,,,,,,FALSE
2785371,,,,,,6.01,FALSE,,,,,,FALSE,,,,,,FALSE
2785494,,,,,5.6,,FALSE,,,,,6.66,FALSE,,,,,,FALSE
2786970,,,,,,,FALSE,,,,,6.111111111,FALSE,,,,,,FALSE
2788815,,,,,,,FALSE,,,,,,FALSE,,,,,6.11,FALSE
2789553,,,,,,,FALSE,,,,7.33,7.2,FALSE,,,,,,FALSE
2791521,,,,,6.254545455,6.218181818,FALSE,,,,,,FALSE,,,,,,FALSE
2791767,,,,,,,FALSE,,,,6.23,6.16,FALSE,,,,,,FALSE
2791890,,,,,6.072727273,,FALSE,,,,,6.77,FALSE,,,,,,FALSE
2792259,,,,,6.145454545,6.409090909,FALSE,,,,,,FALSE,,,,,,FALSE
2794473,,,,,,,FALSE,,,,,6.05,FALSE,,,,,,FALSE
2797056,,,,,6.590909091,6.545454545,FALSE,,,,,,FALSE,,,,,,FALSE
2797179,,,,,,,FALSE,,,,,6.03,FALSE,,,,,,FALSE
2797302,,,,,7.854545455,8.054545455,FALSE,,,,,,FALSE,,,,,,FALSE
2797548,,,,,6.66,6.69,FALSE,,,,,,FALSE,,,,,,FALSE
2797671,,,,6.522222222,6.245454545,6.5,FALSE,,,,,,FALSE,,,,,,FALSE
2798286,,,,,,,FALSE,,,,6.8125,6.59,FALSE,,,,,,FALSE
2798409,,,,,,,FALSE,,,,6.577777778,6.26,FALSE,,,,,,FALSE
2798532,,,,,,,FALSE,,,,,6.51,FALSE,,,,,,FALSE
2799024,,,,,,,FALSE,,,,4.03,,FALSE,,,,,6.288888889,FALSE
2799516,,,,5.7875,,,FALSE,,,,,,FALSE,,,,,,FALSE
2799639,,,,,,,FALSE,,,,,6.15,FALSE,,,,,,FALSE
2799762,,,,,,,FALSE,,,,5.65,5.78,FALSE,,,,,,FALSE
2799885,,,,,6.436363636,6.309090909,FALSE,,,,,,FALSE,,,,,,FALSE
2800008,,,,,,,FALSE,,,,,6.15,FALSE,,,,,,FALSE
2800131,,,,,,,FALSE,,,,,6.02,FALSE,,,,,,FALSE
2800377,,,,,6.65,6.47,FALSE,,,,,,FALSE,,,,,,FALSE
2800500,,,,,6.045454545,6.018181818,FALSE,,,,,,FALSE,,,,,,FALSE
2800623,,,,,,,FALSE,,,,,6.71,FALSE,,,,,,FALSE
2800746,,,,,,,FALSE,,,,,5.84,FALSE,,,,,,FALSE
2800992,,,,,,,FALSE,,,,,6.74,FALSE,,,,,,FALSE
2802345,,,,,,,FALSE,,,,,6.57,FALSE,,,,,,FALSE
2802837,,,,,,,FALSE,,,,,6.2,FALSE,,,,,,FALSE
2802960,,,,,,,FALSE,,,,,,FALSE,,,,,6.59,FALSE
2803083,,,,,,,FALSE,,,,,6.29,FALSE,,,,,,FALSE
2803206,,,,,6.6,6.61,FALSE,,,,,,FALSE,,,,,,FALSE
2803329,,,,,,,FALSE,,,,6.355555556,6.07,FALSE,,,,,,FALSE
2803452,,,,,,,FALSE,,,,,,FALSE,,,,,6.52,FALSE
2803575,,,,,,,FALSE,,,,6.677777778,6.31,FALSE,,,,,,FALSE
2803698,,,,,6.281818182,6.472727273,FALSE,,,,,,FALSE,,,,,,FALSE
2803821,,,,,,,FALSE,,,,,6.44,FALSE,,,,,,FALSE
2803944,,,,,,,FALSE,,,,,6.75,FALSE,,,,,,FALSE
2808987,,,,6.377777778,6.263636364,6.133333333,FALSE,,,,,,FALSE,,,,,,FALSE
2810094,,,,,,,FALSE,,,,6.133333333,5.93,FALSE,,,,,,FALSE
2810217,,,,,,,FALSE,,,,6.37,6.33,FALSE,,,,,,FALSE
2810340,,,,,,,FALSE,,,,,7.12,FALSE,,,,,,FALSE
2816859,,,,,,,FALSE,,,,,5.7,FALSE,,,,,,FALSE
2817105,,,,6.55,6.375,6.436363636,FALSE,,,,,,FALSE,,,,,,FALSE
2824362,,,,,,,FALSE,,,,,6.45,FALSE,,,,,,FALSE
2827560,,,,,,,FALSE,,,,6.47,6.38,FALSE,,,,,,FALSE
2827683,,,,,,,FALSE,,,,,,FALSE,,,,5.85,5.99,FALSE
2827806,,,,5.911111111,6.572727273,6.658333333,FALSE,,,,,,FALSE,,,,,,FALSE
2828052,,,,5.844444444,,,FALSE,,,,5.91,5.818181818,FALSE,,,,,,FALSE
2831004,,,,7.18,7.25,7.25,FALSE,,,,,,FALSE,,,,,,FALSE
2831127,,,,,,,FALSE,,,,7.1,6.945454545,FALSE,,,,,,FALSE
2831250,,,,,,,FALSE,,,,,,FALSE,,,,6.15,6.06,FALSE
2831373,,,,,,,FALSE,,,,5.73,5.927272727,FALSE,,,,,,FALSE
2831496,,,,,,,FALSE,,,,7.045454545,7.136363636,FALSE,,,,,7.654545455,FALSE
2831742,,,,7.1,7.141666667,7.254545455,FALSE,,,,,,FALSE,,,,,,FALSE
2834325,,,,,,,FALSE,,,,4.78,,FALSE,,,,,,FALSE
2834571,,,,,,,FALSE,,,,,,FALSE,,,,,6.32,FALSE
2834817,,,,,,,FALSE,,,,,,FALSE,,,,,5.87,FALSE
2835063,,,,,,,FALSE,,,,,,FALSE,,,,,6.2,FALSE
2836293,,,,,,,FALSE,,,,6.61,6.42,FALSE,,,,,,FALSE
2836416,,,,,,,FALSE,,,6.833333333,5.933333333,5.75,FALSE,,,,,,FALSE
2836785,,,,,,,FALSE,,,,6.39,6.37,FALSE,,,,,,FALSE
2836908,,,,,,,FALSE,,,,6.19,6.14,FALSE,,,,,,FALSE
2837031,,,,,,,FALSE,,,,6.72,6.55,FALSE,,,,,,FALSE
2837154,,,,5.544444444,,,FALSE,,,,5.21,6.145454545,FALSE,,,,,,FALSE
2837277,,,,,,,FALSE,,,,6.618181818,6.772727273,FALSE,,,,,,FALSE
2840352,,,,,,,FALSE,,,,6.11,6.01,FALSE,,,,,,FALSE
2840598,,,,,,,FALSE,,,6.768,6.336363636,6.672727273,FALSE,,,,,,FALSE
2840721,,,,7.644444444,7.790909091,7.763636364,FALSE,,,,,,FALSE,,,,,,FALSE
2840844,,,,,,,FALSE,,,,6.56,6.39,FALSE,,,,,,FALSE
2841090,,,,,,,FALSE,,,,6.4,6.35,FALSE,,,,,,FALSE
2841213,,,,,,,FALSE,,,,,,FALSE,,,,,6.690909091,FALSE
2841336,,,,,,,FALSE,,,,6.16,6.32,FALSE,,,,,,FALSE
2841459,,,,,,,FALSE,,,,,,FALSE,,,,,6.190909091,FALSE
2841582,,,,,,,FALSE,,,,6.51,6.57,FALSE,,,,,,FALSE
2841705,,,,,,,FALSE,,,,6.18,5.95,FALSE,,,,,,FALSE
2841828,,,,,,,FALSE,,,6.608,5.9,5.772727273,FALSE,,,,,,FALSE
2841951,,,,,,,FALSE,,,6.411333333,5.827272727,5.590909091,FALSE,,,,,,FALSE
2842197,,,,,,,FALSE,,,,,,FALSE,,,,,6.554545455,FALSE
2842320,,,,6.211111111,6.490909091,6.158333333,FALSE,,,,,,FALSE,,,,,,FALSE
2843427,,,,,,,FALSE,,,,6.76,6.67,FALSE,,,,,,FALSE
2843550,,,,,,,FALSE,,,,6.95,6.34,FALSE,,,,,,FALSE
2843673,,,,,,,FALSE,,,,,,FALSE,,,,,6.37,FALSE
2843919,,,,6.37,6.258333333,6.361538462,FALSE,,,,,,FALSE,,,,,,FALSE
2844042,,,,6.777777778,6.936363636,6.8,FALSE,,,,,,FALSE,,,,,,FALSE
2844165,,,,,,,FALSE,,,,8.16,7.96,FALSE,,,,,,FALSE
2844288,,,6.188666667,,,,FALSE,,,,6.316666667,6.191666667,FALSE,,,,,,FALSE
2844411,,,,,,,FALSE,,,,6.16,6.12,FALSE,,,,,,FALSE
2844903,,,,,,,FALSE,,,,,,FALSE,,,,,6.43,FALSE
2845026,,,,,,,FALSE,,,,,,FALSE,,,,,6.1,FALSE
2845149,,,,6.155555556,5.518181818,6.35,FALSE,,,,,,FALSE,,,,,,FALSE
2845272,,,,,,,FALSE,,,,5.89,5.909090909,FALSE,,,,,,FALSE
2845887,,,,5.011111111,,,FALSE,,,,,,FALSE,,,,,,FALSE
2846379,,,,,,,FALSE,,,,,,FALSE,,,,,6.52,FALSE
2846502,,,,,,,FALSE,,,,6.39,6.62,FALSE,,,,,,FALSE
2846871,,,,,,,FALSE,,,,7.11,7.34,FALSE,,,,,,FALSE
2846994,,,,,,,FALSE,,,,,,FALSE,,,,,6.7,FALSE
2847240,,,,,,,FALSE,,,,6.04,6.04,FALSE,,,,,,FALSE
2847978,,,,,,,FALSE,,,,,,FALSE,,,,,6.581818182,FALSE
2849208,,,,,,,FALSE,,,,5.68,,FALSE,,,,,,FALSE
2849331,,,,,,,FALSE,,,,,,FALSE,,,,,7.072727273,FALSE
2849577,,,,,,,FALSE,,,,,,FALSE,,,,,6.46,FALSE
2849700,,,,6.066666667,5.972727273,,FALSE,,,,,6.663636364,FALSE,,,,,,FALSE
2849823,,,,,,,FALSE,,,6.326666667,6.081818182,5.918181818,FALSE,,,,,,FALSE
2850684,,,,,,,FALSE,,,,6.78,6.79,FALSE,,,,,,FALSE
2850930,,,,,,,FALSE,,,,,,FALSE,,,,,6.290909091,FALSE
2852283,,,,,,,FALSE,,,,5.77,5.82,FALSE,,,,,,FALSE
2852406,,,,,,,FALSE,,,,6.73,6.68,FALSE,,,,,,FALSE
2852652,,,,,,,FALSE,,,,,,FALSE,,,,,6.145454545,FALSE
2852898,,,,,,,FALSE,,,,,,FALSE,,,,,6.45,FALSE
2854005,,,,,,,FALSE,,,,,,FALSE,,,,,6.4,FALSE
2854251,,,,,,,FALSE,,,,,,FALSE,,,,,7.490909091,FALSE
2855481,,,,,,,FALSE,,,,,,FALSE,,,,,7.163636364,FALSE
2855973,,,,,,,FALSE,,,5.986,5.927272727,6.009090909,FALSE,,,,,,FALSE
2856219,,,,6.111111111,6.118181818,6.15,FALSE,,,,,,FALSE,,,,,,FALSE
2864706,,,,,,,FALSE,,,,,,FALSE,,,,,6.42,FALSE
2864829,,,,,,,FALSE,,,,6.67,6.54,FALSE,,,,,,FALSE
2864952,,,,,,,FALSE,,,,,,FALSE,,,,,6.327272727,FALSE
2865444,,,,,,,FALSE,,,,,,FALSE,,,,,6.19,FALSE
2865567,,,,,,,FALSE,,,,6.36,6.3,FALSE,,,,,,FALSE
2865690,,,,,,,FALSE,,,,6.18,5.95,FALSE,,,,,,FALSE
2865813,,,,,,,FALSE,,,,,,FALSE,,,,,6.01,FALSE
2865936,,,,,,,FALSE,,,,6.13,6.07,FALSE,,,,,,FALSE
2866059,,,,,,,FALSE,,,,,,FALSE,,,,,6.47,FALSE
2866182,,,,7.977777778,8.154545455,7.958333333,FALSE,,,,,,FALSE,,,,,,FALSE
2866305,,,,7.75,7.7,7.875,FALSE,,,,,,FALSE,,,,,,FALSE
2866428,,,,,,,FALSE,,,,,,FALSE,,,,,5.75,FALSE
2866551,,,,,,,FALSE,,,,,,FALSE,,,,,5.96,FALSE
2866674,,,,,,,FALSE,,,,,,FALSE,,,,,6,FALSE
2866797,,,,6.133333333,6.2,6.225,FALSE,,,,,,FALSE,,,,,,FALSE
2867166,,,,,,,FALSE,,,6.92,5.954545455,5.263636364,FALSE,,,,,,FALSE
2870487,,,,,,6.154545455,FALSE,,,,,,FALSE,,,,,,FALSE
2870610,,,,,,,FALSE,,,,,5.97,FALSE,,,,,,FALSE
2871102,,,,,,,FALSE,,,,,5.94,FALSE,,,,,,FALSE
2871717,,,,,,,FALSE,,,,6,5.93,FALSE,,,,,,FALSE
2874054,,,,,,,FALSE,,,,,,FALSE,,,,,6.16,FALSE
2877990,,,,,,,FALSE,,,6.124,,,FALSE,,,,,6.91,FALSE
2878113,,,,,,,FALSE,,,6.53,6.1,6.036363636,FALSE,,,,,,FALSE
2878236,,,,,,,FALSE,,,,,,FALSE,,,,6.218181818,6.36,FALSE
2878359,,,6.342,,,,FALSE,,,,6.609090909,6.563636364,FALSE,,,,,,FALSE
2878605,,,,,,,FALSE,,,,,,FALSE,,,,5.554545455,,FALSE
2879343,,,,,,,FALSE,,,,,,FALSE,,,,6.8,6.936363636,FALSE
2880942,,,,,,,FALSE,,,6.682,6.666666667,6.358333333,FALSE,,,,,,FALSE
2881188,,,,,,,FALSE,,,,6.727272727,6.718181818,FALSE,,,,6.972727273,7.063636364,FALSE
2881311,,,,,,,FALSE,,,6.343333333,6.409090909,6.290909091,FALSE,,,,,,FALSE
2881434,,,,,,,FALSE,,,,,,FALSE,,,,6.872727273,6.6,FALSE
2881557,,,,,,,FALSE,,,6.48,5.863636364,5.727272727,FALSE,,,,,,FALSE
2881803,,,,,,,FALSE,,,6.378,,,FALSE,,,,,,FALSE
2883525,,,,,,,FALSE,,,,,,FALSE,,,,6.536363636,6.51,FALSE
2883771,,,,,,,FALSE,,,,,,FALSE,,,6.455,6.191666667,6.136363636,FALSE
2885616,,,,,,,FALSE,,,6.306,5.445454545,6.418181818,FALSE,,,,,,FALSE
2885739,,,,,,,FALSE,,,,,,FALSE,,,,7.281818182,7.38,FALSE
2885985,,,,,,,FALSE,,,6.86,6.863636364,6.972727273,FALSE,,,,,,FALSE
2886108,,,,,,,FALSE,,,6.213333333,,,FALSE,,,,,6.75,FALSE
2886354,,,,,,,FALSE,,,,,,FALSE,,,6.656,6.275,6.12,FALSE
2886477,,,7.444,7.877777778,7.772727273,7.983333333,FALSE,,,,,,FALSE,,,,,,FALSE
2886600,,,,,,,FALSE,,,6.389333333,6.290909091,6.627272727,FALSE,,,,,,FALSE
2886723,,,,,,,FALSE,,,,,,FALSE,,,,6.436363636,6.35,FALSE
2887215,,,7.445,6.7,6.454545455,6.741666667,FALSE,,,,,,FALSE,,,,,,FALSE
2887707,,,,,,,FALSE,,,,5.97,5.76,FALSE,,,,,,FALSE
2888076,,,,,,,FALSE,,,,,,FALSE,,,,6.572727273,6.727272727,FALSE
2888199,,,6.802666667,7.066666667,7.172727273,7.283333333,FALSE,,,,,,FALSE,,,,,,FALSE
2888322,,,,,,,FALSE,,,6.572666667,6.283333333,6.457142857,FALSE,,,,,,FALSE
2888814,,,,,,,FALSE,,6.353636364,5.712666667,,,FALSE,,,,,,FALSE
2890782,,,,,,,FALSE,,,,,,FALSE,,,,6.172727273,5.966666667,FALSE
2891028,,,6.742,6.6,6.490909091,6.55,FALSE,,,,,,FALSE,,,,,,FALSE
2891151,,,,,,,FALSE,,,,,,FALSE,,,,7.327272727,7.46,FALSE
2892504,,,,,,,FALSE,,,,5.818181818,,FALSE,,,,6.727272727,6.79,FALSE
2896686,,,,,,,FALSE,,,6.477333333,6.272727273,6.127272727,FALSE,,,,,,FALSE
2900622,,,,,,,FALSE,,,,,,FALSE,,,,,6.18,FALSE
2901483,,,5.861333333,,,,FALSE,,,,6.59,6.536363636,FALSE,,,,,,FALSE
2901606,,,,,,,FALSE,,,,,,FALSE,,,,6.709090909,6.84,FALSE
2901729,,,7.346666667,6.83,6.7,6.784615385,FALSE,,,,,,FALSE,,,,,,FALSE
2901852,,,6.471333333,,,,FALSE,,,,7,6.818181818,FALSE,,,,,,FALSE
2901975,,,6.640666667,,,,FALSE,,,,7.045454545,7.072727273,FALSE,,,,,,FALSE
2902467,,,,,,,FALSE,,,7.04,6.081818182,6.118181818,FALSE,,,,,,FALSE
2902590,,,6.232,,,,FALSE,,,,6.118181818,6.145454545,FALSE,,,,,,FALSE
2902713,,,,,,,FALSE,,,,,,FALSE,,,,5.82,5.92,FALSE
2902836,,,6.162666667,6.777777778,6.4,6.575,FALSE,,,,,,FALSE,,,,,,FALSE
2902959,,,6.618,6.222222222,5.99,6.483333333,FALSE,,,,,,FALSE,,,,,,FALSE
2903082,,,,,,,FALSE,,,6.081333333,5.22,,FALSE,,,,,,FALSE
2903205,,,7.137333333,7.055555556,6.672727273,6.508333333,FALSE,,,,,,FALSE,,,,,,FALSE
2903451,,,,,,,FALSE,,,,,,FALSE,,,,6.509090909,6.3,FALSE
2903574,,,6.906,6.355555556,6.009090909,,FALSE,,,,,6.666666667,FALSE,,,,,,FALSE
2903697,,,,,5.818181818,5.890909091,FALSE,,,,,,FALSE,,,,,,FALSE
2904066,,,6.690666667,7.233333333,6.990909091,7.033333333,FALSE,,,,,,FALSE,,,,,,FALSE
2904189,,,,,,,FALSE,,,,,,FALSE,,,,6.209090909,6.28,FALSE
2904312,,,,,,,FALSE,,,5.715333333,,,FALSE,,,,,6.627272727,FALSE
2904681,,,,,,,FALSE,,,6.327333333,6.081818182,6.263636364,FALSE,,,,,,FALSE
2906526,,,,,,,FALSE,,,6.452666667,6.209090909,,FALSE,,,,,,FALSE
2907141,,,,,,,FALSE,,,,4.59,,FALSE,,,,6.336363636,6.533333333,FALSE
2907264,,,,,,,FALSE,,,6.272,5.963636364,6.063636364,FALSE,,,,,,FALSE
2907387,,,,,,,FALSE,,,,7.045454545,6.890909091,FALSE,,,,6.845454545,6.958333333,FALSE
2908371,,,,,,,FALSE,,,,,,FALSE,,,,6.958333333,6.909090909,FALSE
2908494,,,,,,,FALSE,,,6.476,5.763636364,,FALSE,,,,,,FALSE
2908617,,,,,,,FALSE,,,,,,FALSE,,,,6.290909091,6.55,FALSE
2908740,,,,,,,FALSE,,,6.030666667,3.99,,FALSE,,,,,,FALSE
2908863,,,,,,,FALSE,,,6.778,6.381818182,6.57,FALSE,,,,,,FALSE
2908986,,,,,,,FALSE,,,5.596,,,FALSE,,,,,6.61,FALSE
2909478,,,,,,,FALSE,,5.875,,,,FALSE,,,,6.016666667,6.027272727,FALSE
2909601,,,6.723333333,6.122222222,6.06,6.391666667,FALSE,,,,,,FALSE,,,,,,FALSE
2909724,,,,,,,FALSE,,,,,,FALSE,,,,6.463636364,6.490909091,FALSE
2909847,,,,,,,FALSE,,6.292727273,6.026666667,5.890909091,5.809090909,FALSE,,,,,,FALSE
2911569,,6.687,5.973333333,,,,FALSE,,,,5.736363636,6.833333333,FALSE,,,,,,FALSE
2918457,,,,,,,FALSE,,,,,,FALSE,,,,6.436363636,6.46,FALSE
2918703,,,,,,,FALSE,,,6.446666667,6.881818182,6.736363636,FALSE,,,,,,FALSE
2918826,,,,,,,FALSE,,,6.769333333,6.12,6.063636364,FALSE,,,,,,FALSE
2919072,,,,,,,FALSE,,,6.312666667,6.1,6.218181818,FALSE,,,,,,FALSE
2919318,,,,,,,FALSE,,,,,,FALSE,,,,,6.1,FALSE
2919441,,,,,,,FALSE,,,,,,FALSE,,,,6.109090909,6.033333333,FALSE
2919564,,,8.114705882,7.58,7.409090909,7.575,FALSE,,,,,,FALSE,,,,,,FALSE
2919933,,,,,,,FALSE,,,6.440666667,6.145454545,5.981818182,FALSE,,,,,,FALSE
2920056,,,,,,,FALSE,,,6.295333333,5.963636364,6.054545455,FALSE,,,,,,FALSE
2920917,,,,,,,FALSE,,,6.832666667,6.127272727,6.045454545,FALSE,,,,,,FALSE
2921040,,,,,,,FALSE,,,,,,FALSE,,,,6.336363636,6.4,FALSE
2921163,,,6.813333333,6.666666667,6.363636364,6.5,FALSE,,,,,,FALSE,,,,,,FALSE
2921286,,,,,,,FALSE,,,6.35,5.990909091,5.918181818,FALSE,,,,,,FALSE
2921409,,,,,,,FALSE,,,,,,FALSE,,,,6.366666667,6.3,FALSE
2921532,,,,,,,FALSE,,,6.267333333,,,FALSE,,,,,,FALSE
2921655,,,,,,,FALSE,,,,6.288888889,6.1,FALSE,,,,,,FALSE
2922885,,,6.094666667,,,,FALSE,,,,6.7,6.941666667,FALSE,,,,,,FALSE
2923992,,,,,6.563636364,6.509090909,FALSE,,,,,,FALSE,,,,,,FALSE
2926821,,,6.69625,4.377777778,,,FALSE,,,,5.963636364,5.527272727,FALSE,,,,,,FALSE
2926944,,,,,,,FALSE,,,,,,FALSE,,,,,6.34,FALSE
2927067,,,,,,,FALSE,,,,,,FALSE,,,,6.190909091,5.78,FALSE
2937891,,,,,,,FALSE,,,,,,FALSE,,,6.631818182,6.908333333,7,FALSE
2938137,,,,,,,FALSE,,6.790909091,6.564666667,6,6.054545455,FALSE,,,,,,FALSE
2938260,,,,,,,FALSE,,,,,,FALSE,,,6.858181818,6.707692308,6.981818182,FALSE
2938629,,5.155454545,6.487333333,6.022222222,5.090909091,,FALSE,,,,,6.463636364,FALSE,,,,,,FALSE
2942934,,7.490909091,7.721333333,7.044444444,7.13,7.22,FALSE,,,,,,FALSE,,,,,,FALSE
2948838,,5.581818182,,,,,FALSE,,,6.262,5.727272727,6.3,FALSE,,,,,,FALSE
2949207,,,,,,,FALSE,,7.269090909,7.126,6.346153846,6.176923077,FALSE,,,,,,FALSE
2949699,,,,,,,FALSE,,,,,,FALSE,,,6.548181818,7.008333333,6.927272727,FALSE
2950068,,,6.363333333,5.777777778,5.690909091,,FALSE,,7.750909091,,,6.5,FALSE,,,,,,FALSE
2950437,,7.015454545,6.318666667,,,,FALSE,,,,6.2,6.045454545,FALSE,,,,,,FALSE
2950929,,,,,,,FALSE,,,,5.4375,,FALSE,,,6.491818182,6.915384615,6.933333333,FALSE
2951298,,6.880909091,6.086,,,,FALSE,,,,5.925,6,FALSE,,,,,,FALSE
2951667,,,,,,,FALSE,,5.584545455,,5.71,6.37,FALSE,,,,6.008333333,6.2,FALSE
2951913,,8.289090909,8.280666667,7.677777778,7.572727273,7.716666667,FALSE,,,,,,FALSE,,,,,,FALSE
2952159,,,,,,,FALSE,,6.271818182,6.43,6.066666667,6.016666667,FALSE,,,,,,FALSE
2952282,,7.330909091,6.946666667,6.622222222,7.027272727,7.258333333,FALSE,,,,,,FALSE,,,,,,FALSE
2952405,,,,,,,FALSE,,5.994545455,5.97,6.71,6.381818182,FALSE,,,,,,FALSE
2955234,,5.348181818,,,,,FALSE,,,5.276,5.83,,FALSE,,,,,,FALSE
2955726,,,,,,,FALSE,,,,,,FALSE,,,7.269,,,FALSE
2956095,,,,,,,FALSE,,,,,,FALSE,,,5.248,5.9,5.5,FALSE
2956587,,5.713636364,,,,,FALSE,,,,,,FALSE,,,,,,FALSE
2958186,,6.659090909,,,,,FALSE,,,,,,FALSE,,,,,,FALSE
2960154,,7.816923077,7.468823529,6.677777778,6.6,6.958333333,FALSE,,,,,,FALSE,,,,,,FALSE
2960277,,,,,,,FALSE,,,,,,FALSE,,,6.309090909,6.025,5.972727273,FALSE
2960400,,6.266363636,,,,,FALSE,,,,,,FALSE,,,,,,FALSE
2960523,,,,,,,FALSE,,6.851818182,6.552666667,6.109090909,5.963636364,FALSE,,,,,,FALSE
2960646,,,,,,,FALSE,,,,,,FALSE,,,6.61,6.591666667,6.481818182,FALSE
2960769,,,,,,,FALSE,,,,,,FALSE,,,7.676,7.116666667,7.3,FALSE
2960892,,,,,,,FALSE,,7.646363636,6.889333333,6.316666667,6.3,FALSE,,,,,,FALSE
2961015,,,,,,,FALSE,,,,6.19,5.990909091,FALSE,,,6.325454545,6.058333333,6.283333333,FALSE
2961138,,,,,,,FALSE,,,,,,FALSE,,,,7.2,,FALSE
2961261,,,,,,,FALSE,,7.498181818,7.436,7.091666667,6.766666667,FALSE,,,,,,FALSE
2961384,,,6.711333333,6.577777778,6.436363636,6.216666667,FALSE,,7.719090909,,,,FALSE,,,,,,FALSE
2961507,,,,,,,FALSE,,,,,,FALSE,,,5.372,,,FALSE
2961630,,,,,,,FALSE,,,,,,FALSE,,,6.617272727,6.291666667,,FALSE
2961753,,6.809230769,6.68,5.911111111,5.18,,FALSE,,,,,6.681818182,FALSE,,,,,,FALSE
2961876,,,,,,,FALSE,,,7.132,6.318181818,6.427272727,FALSE,,,7.551818182,,,FALSE
2961999,,7.3675,6.82,6.7,6.63,6.6,FALSE,,,,,,FALSE,,,,,,FALSE
2962122,,,,,,,FALSE,,4.689090909,6.878,6.71,6.554545455,FALSE,,,,,,FALSE
2962245,,6.836666667,6.579375,6.166666667,6.254545455,6.158333333,FALSE,,,,,,FALSE,,,,,,FALSE
2962368,,,,,,,FALSE,,7.642727273,7.029333333,6.758333333,6.825,FALSE,,,,,,FALSE
2962491,,,,,,,FALSE,,,,,,FALSE,,,6.889090909,6.833333333,6.672727273,FALSE
2962614,,6.772727273,6.596,6.266666667,6.309090909,6.675,FALSE,,,,,,FALSE,,,,,,FALSE
2962737,,7.23,6.862666667,6.155555556,6.009090909,6.375,FALSE,,,,,,FALSE,,,,,,FALSE
2962860,,,,,,,FALSE,,,,,,FALSE,,,6.547272727,5.958333333,6.09,FALSE
2962983,,,,,,,FALSE,,,,,,FALSE,,,6.602727273,6.941666667,7.033333333,FALSE
2963106,,,,,,,FALSE,,6.300909091,6.321333333,5.518181818,6.154545455,FALSE,,,,,,FALSE
2963229,,,,,,,FALSE,,6.138181818,5.742666667,6.218181818,6.166666667,FALSE,,,,,,FALSE
2963352,,,,,,,FALSE,,,,,,FALSE,,,6.820909091,6.641666667,6.627272727,FALSE
2963475,,,,,,,FALSE,,6.14,6.134666667,5.281818182,,FALSE,,,,,,FALSE
2963598,,,,,,,FALSE,,6.961818182,6.677333333,6.683333333,6.725,FALSE,,,,,,FALSE
2963721,,6.190909091,,,,,FALSE,,,5.973333333,,,FALSE,,,,,,FALSE
2963967,,5.841818182,,,,,FALSE,,,6.228571429,5.4,6.781818182,FALSE,,,,,,FALSE
2964090,,,,,,,FALSE,,,,,,FALSE,,,6.193636364,6.023076923,6.154545455,FALSE
2964213,,7.599090909,8.019333333,7.933333333,7.981818182,7.958333333,FALSE,,,,,,FALSE,,,,,,FALSE
2964336,,,,,,,FALSE,,6.219090909,6.374666667,,,FALSE,,,,,,FALSE
2964582,,,,,,,FALSE,,,,,,FALSE,,5.673636364,6.036,,,FALSE
2964828,,,,,,,FALSE,,,,,,FALSE,,,,,7.227272727,FALSE
2964951,,6.777272727,6.81,6.288888889,6.463636364,6.625,FALSE,,,,,,FALSE,,,,,,FALSE
2965074,,,,,,,FALSE,,6.707272727,6.226666667,,,FALSE,,,,,,FALSE
2965197,,,,,,,FALSE,,,,,,FALSE,,,6.338181818,6.508333333,6.781818182,FALSE
2965320,,,,,,,FALSE,,7.223636364,6.82,6.663636364,6.590909091,FALSE,,,,,,FALSE
2965443,,,,,,,FALSE,,7.162727273,6.837333333,4.81,,FALSE,,,,,,FALSE
2965566,,,,,,,FALSE,,,,,,FALSE,,,6.694545455,5.791666667,5.672727273,FALSE
2965689,,,,,,,FALSE,,6.058181818,6.174,5.963636364,6.136363636,FALSE,,,,,,FALSE
2965812,,7.562727273,7.218666667,6.67,6.541666667,6.684615385,FALSE,,,,,,FALSE,,,,,,FALSE
2965935,,,,,,,FALSE,,,,,,FALSE,,,6.55,6.608333333,6.84,FALSE
2966058,,,,,,,FALSE,,7.34,6.776666667,6.463636364,6.445454545,FALSE,,,,,,FALSE
2966181,,,,,,,FALSE,,,,,,FALSE,,,5.977,5.95,6.181818182,FALSE
2966304,,,,,,,FALSE,,,,5.51,,FALSE,,,6.57,6.308333333,6.172727273,FALSE
2966796,,,,,,,FALSE,,,,,,FALSE,,,6.045,6.525,6.663636364,FALSE
2966919,,,,,,,FALSE,,6.180909091,6.514666667,5.518181818,6.7,FALSE,,,,,,FALSE
2970363,,,,,,,FALSE,,,,5.781818182,,FALSE,,,6.878,6.246153846,6.481818182,FALSE
2970486,,,,,,,FALSE,,,,,,FALSE,,,6.436,5.830769231,5.909090909,FALSE
2970609,,,,,,,FALSE,,,,,,FALSE,,,7.468,,,FALSE
2970732,,,,,,,FALSE,,,,,,FALSE,,,6.497,5.891666667,5.69,FALSE
2970978,,,,,,,FALSE,,,,,,FALSE,,,6.09,5.707692308,6.027272727,FALSE
2971593,,,,,,,FALSE,,5.754545455,,,,FALSE,,,,5.933333333,5.94,FALSE
2971716,,6.987272727,6.685333333,6.877777778,6.827272727,6.866666667,FALSE,,,,,,FALSE,,,,,,FALSE
2971839,,9.002307692,8.952941176,8.96,8.88,8.7,FALSE,,,,,,FALSE,,,,,,FALSE
2971962,,8.874615385,8.932941176,9.027272727,8.9,9.2,FALSE,,,,,,FALSE,,,,,,FALSE
2972208,,,,,,,FALSE,,,,,,FALSE,,,6.33,6.433333333,6.045454545,FALSE
2972331,,,,,,,FALSE,,,,,,FALSE,,,4.995,,,FALSE
2972454,,,,,,,FALSE,,,,,,FALSE,,,5.761,6.416666667,6.3,FALSE
2972577,,,,,,,FALSE,,,,6.54,6.290909091,FALSE,,,6.978181818,6.776923077,6.741666667,FALSE
2972700,,,,,,,FALSE,,6.219090909,6.312666667,6.458333333,6.308333333,FALSE,,,,,,FALSE
2972823,,,,,,,FALSE,,6.185454545,6.226666667,6.183333333,5.991666667,FALSE,,,,,,FALSE
2972946,,,,,,,FALSE,,6.014545455,6.132666667,,,FALSE,,,,,,FALSE
2973069,,,,,,,FALSE,,,,,,FALSE,,,7.06,6.776923077,6.763636364,FALSE
2973192,,,,,,,FALSE,,,,6.12,6.181818182,FALSE,,,,,,FALSE
2973315,,7.079230769,7.000588235,6.422222222,6.709090909,6.466666667,FALSE,,,,,,FALSE,,,,,,FALSE
2973561,,,,,,,FALSE,,,,,,FALSE,,,7.024,6.2,6.563636364,FALSE
2973684,,,,,,,FALSE,,,,,,FALSE,,,5.952,5.85,5.754545455,FALSE
2973807,,,,,,,FALSE,,6.753636364,6.432,5.2,,FALSE,,,,,,FALSE
2973930,,,,,,,FALSE,,,,6.76,6.709090909,FALSE,,,6.794545455,6.85,7.145454545,FALSE
2974053,,,,,,,FALSE,,6.645454545,6.204666667,6.063636364,,FALSE,,,,,,FALSE
2974176,,,,,,,FALSE,,6.468181818,6.484,6.445454545,6.172727273,FALSE,,,,,,FALSE
2974299,,,,,,,FALSE,,5.85,,,,FALSE,,,,6.527272727,6.7,FALSE
2974422,,,,,,,FALSE,,6.233636364,6.692,6.754545455,6.772727273,FALSE,,,,,,FALSE
2974668,,,,,,,FALSE,,,,,,FALSE,,,5.742,5.7,5.728571429,FALSE
2974914,,6.897272727,6.654,6.244444444,6.172727273,6.316666667,FALSE,,,,,,FALSE,,,,,,FALSE
2975037,,,,,,,FALSE,,7.479090909,6.957333333,6.533333333,6.281818182,FALSE,,,,,,FALSE
2975160,,7.643636364,7.558666667,7.133333333,7.181818182,7.175,FALSE,,,,,,FALSE,,,,,,FALSE
2975283,,,,,,,FALSE,,,,,,FALSE,,,6.993,6.284615385,6.216666667,FALSE
2976513,,,,,,,FALSE,,,,,,FALSE,,,5.114,5.725,5.772727273,FALSE
2985246,,,,,,,FALSE,,,,,,FALSE,,,,6.263636364,6.34,FALSE
2985369,,,,,,,FALSE,,,,,,FALSE,,,,6.281818182,6.08,FALSE
2985492,,,,,,,FALSE,,,,,,FALSE,,,,6.308333333,6.081818182,FALSE
2985615,,,,,,,FALSE,,,,,,FALSE,,,,,6.8,FALSE
2985738,,,,,,,FALSE,,,,,,FALSE,,,,,7.32,FALSE
2985861,,,,,,,FALSE,,,,,,FALSE,,,,,6.77,FALSE
2985984,,,,,,,FALSE,,,,5.74,5.772727273,FALSE,,,,,,FALSE
2986107,,,,6.48,6.875,6.884615385,FALSE,,,,,,FALSE,,,,,,FALSE
2986599,,,,,,,FALSE,,,,5.609090909,,FALSE,,,,,,FALSE
2986722,,,,,,,FALSE,,,,,6.41,FALSE,,,,,,FALSE
2986845,,,,,,,FALSE,,,,,6.81,FALSE,,,,,,FALSE
2986968,,,,,,,FALSE,,,,,6.12,FALSE,,,,,,FALSE
2987337,,,,,,,FALSE,,,,,6.022222222,FALSE,,,,,,FALSE
2987460,,,,,,,FALSE,,,,,6.045454545,FALSE,,,,,,FALSE
2988813,,,,,,,FALSE,,,,6.2625,5.95,FALSE,,,,,,FALSE
2991150,,,,,,,FALSE,,,6.450666667,6.472727273,6.654545455,FALSE,,,,,,FALSE
2991765,,,,,,,FALSE,,,6.876666667,6.218181818,6.145454545,FALSE,,,,,,FALSE
2992257,,,,,,,FALSE,,,,5.681818182,6.127272727,FALSE,,,6.909090909,6.546153846,6.616666667,FALSE
2993733,,,,,,,FALSE,,,,,,FALSE,,6.854545455,6.945,7.216666667,7.209090909,TRUE
2994963,,,,,,,FALSE,,,,,,FALSE,,6.381818182,6.262142857,6.183333333,5.990909091,TRUE
2995086,,,,,,,FALSE,,,,,,FALSE,,6.863636364,7.016428571,7.507692308,7.445454545,TRUE
2995209,,,,,,,FALSE,,,,,,FALSE,,6.490909091,,,,FALSE
2995332,,,,,,,FALSE,,7.559285714,6.807333333,6.32,6.363636364,FALSE,,7.745454545,,,,FALSE
2995947,,,,,,,FALSE,,,,7.009090909,6.73,FALSE,,7.669090909,7.753571429,7.7,7.645454545,TRUE
2996070,,,,,,,FALSE,,,,,,FALSE,,6.227272727,6.203571429,6.6,6.490909091,TRUE
2996193,7.683333333,7.092,7.012352941,6.922222222,7.236363636,6.94,TRUE,7.683333333,,,,,FALSE,,,,,,FALSE
2996316,,,,,,,FALSE,,,,,,FALSE,,6.597272727,6.552307692,,,FALSE
3006279,,,,,,,FALSE,,,,,,FALSE,,7.272727273,7.272142857,7.091666667,7.090909091,TRUE
3006402,,,,,,,FALSE,,,,,,FALSE,,7.141818182,,,,FALSE
3006525,,,,,,,FALSE,,,,,,FALSE,,5.66,6.373636364,5.736363636,5.918181818,TRUE
3006648,,,,,,,FALSE,,,,,,FALSE,,6.490909091,6.663571429,6.266666667,5.96,TRUE
3006771,,,,,,,FALSE,,,,,,FALSE,,6.418181818,6.702857143,6.791666667,6.936363636,TRUE
3006894,7.575,7.675333333,7.393529412,7.3,7.463636364,7.11,TRUE,7.575,,,,,FALSE,,,,,,FALSE
3007017,,,,,,,FALSE,,,,,,FALSE,,7.127272727,7.192857143,6.546153846,6.390909091,TRUE
3007140,,,,,,,FALSE,,,,,,FALSE,,6.981818182,6.780714286,6.541666667,6.736363636,TRUE
3007263,6.881818182,,,,,,FALSE,6.881818182,6.868461538,6.738666667,6.927272727,6.990909091,TRUE,,,,,,FALSE
3007386,6.018181818,,,,,,FALSE,6.018181818,5.815384615,6.588666667,5.86,5.89,TRUE,,,,,,FALSE
3007509,,,,,,,FALSE,,,,6.62,6.21,FALSE,,,,,,FALSE
3007632,,,,,,,FALSE,,,,,,FALSE,,6.509090909,6.197142857,6.258333333,6.263636364,TRUE
3008247,,,,,,,FALSE,,,,,,FALSE,,6.571818182,6.555,6.3,6.254545455,TRUE
3008370,6.936363636,,6.064,,,,FALSE,6.936363636,6.966923077,,6.5,6.372727273,FALSE,,,,,,FALSE
3008616,7.009090909,,,,,,FALSE,7.009090909,6.273846154,6.3,5.86,6.15,TRUE,,,,,,FALSE
3011814,7.036363636,,,,,,FALSE,7.036363636,6.359230769,5.882666667,5.6,,FALSE,,,,,,FALSE
3011937,,,,,,,FALSE,,,,,,FALSE,,6.336363636,6.310714286,6.483333333,6.418181818,TRUE
3012060,,,,,,,FALSE,,8.052857143,8.04,7.4,7.258333333,FALSE,,8.063636364,,,,FALSE
3012183,,,,,,,FALSE,,,,,,FALSE,,7.040909091,6.73,6.383333333,6.545454545,TRUE
3012306,,,,,,,FALSE,,,,,,FALSE,,6.554545455,6.68,6.446153846,6.26,TRUE
3012429,,,,,,,FALSE,,7.945,6.574666667,6.42,6.327272727,FALSE,,7.936363636,,,,FALSE
3012552,,,,,,,FALSE,,,,,,FALSE,,6.624545455,,,,FALSE
3012675,,,,,,,FALSE,,7.390714286,6.808,6.99,6.863636364,FALSE,,7.845454545,,,,FALSE
3012798,,,,,,,FALSE,,,,,,FALSE,,6.490909091,6.686428571,6.561538462,6.745454545,TRUE
3012921,5.890909091,,,,,,FALSE,5.890909091,5.953846154,5.986,6.11,6.290909091,TRUE,,,,,,FALSE
3013044,8.05,7.662666667,7.864117647,7.736363636,7.9,7.781818182,TRUE,8.05,,,,,FALSE,,,,,,FALSE
3013167,6.036363636,,,,,,FALSE,6.036363636,5.702307692,5.683333333,,,FALSE,,,,7.525,6.99,FALSE
3013290,,5.885454545,,,,,FALSE,,,6.101333333,6.127272727,6.154545455,FALSE,,,,,,FALSE
3013536,,,,,,,FALSE,,,,,,FALSE,,6.9,6.637142857,7.341666667,7.345454545,TRUE
3013905,7.041666667,,,,,,FALSE,7.041666667,6.482307692,6.198,5.13,5.74,TRUE,,,,,,FALSE
3019563,,,,,,,FALSE,,7.329285714,6.531333333,6.21,6.109090909,FALSE,,8.154545455,,,,FALSE
3019686,6.954545455,,,,,,FALSE,6.954545455,7.271538462,6.990666667,6.045454545,5.972727273,TRUE,,,,,,FALSE
3019809,7.675,7.127333333,6.448666667,6.166666667,6.181818182,5.927272727,TRUE,7.675,,,,,FALSE,,,,,,FALSE
3019932,6.327272727,,,,,,FALSE,6.327272727,6.149230769,6.010666667,6.2,6.072727273,TRUE,,,,,,FALSE
3020055,7.372727273,,6.984666667,7.111111111,6.583333333,6.690909091,FALSE,7.372727273,7.629230769,,,,FALSE,,,,,,FALSE
3020178,,,,,,,FALSE,,,,,,FALSE,,6.396363636,7.661428571,7.416666667,7.163636364,TRUE
3020301,8.325,8.168,8.170588235,7.822222222,7.663636364,7.64,TRUE,8.325,,,,,FALSE,,,,,,FALSE
3020424,,,,,,,FALSE,,,,,,FALSE,,6.508181818,6.196153846,6.083333333,5.954545455,TRUE
3020547,7.241666667,7.14,7.542,7.072727273,6.935714286,7.030769231,TRUE,7.241666667,,,,,FALSE,,,,,,FALSE
3020670,5.936363636,,,,,,FALSE,5.936363636,5.731538462,,,,FALSE,,,,5.95,6.145454545,FALSE
3020793,7.641666667,6.648,5.965294118,5.288888889,,,FALSE,7.641666667,,,,,FALSE,,,,,,FALSE
3021039,,,6.785333333,6.433333333,6.4,6.336363636,FALSE,,,,,,FALSE,,,,,,FALSE
3021162,,,,,,,FALSE,,,,,,FALSE,,5.914545455,6.202857143,5.45,,FALSE
3021285,,,,,,,FALSE,,,,,,FALSE,,6.090909091,6.646428571,6.633333333,6.618181818,TRUE
3021408,7.2,,,,,,FALSE,7.2,6.954615385,7.323333333,7.25,6.863636364,TRUE,,,,,,FALSE
3021531,,,,,,,FALSE,,,,,,FALSE,,4.920909091,,,,FALSE
3021654,,,,,,,FALSE,,7.378571429,6.683333333,6.24,6.272727273,FALSE,,7.754545455,,,,FALSE
3021777,,,,,,,FALSE,,,,,,FALSE,,,,6.418181818,6.3,FALSE
3021900,6.554545455,,,,,,FALSE,6.554545455,6.58,6.227333333,6.12,7.072727273,TRUE,,,,,,FALSE
3022023,7.425,6.757142857,6.7875,6.69,6.65,6.490909091,TRUE,7.425,,,,,FALSE,,,,,,FALSE
3024360,7.145454545,,,,,,FALSE,7.145454545,6.898461538,6.897333333,6.836363636,6.766666667,TRUE,,,,,,FALSE
3024483,,,,,,,FALSE,,,,,,FALSE,,7.425454545,7.698571429,,,FALSE
3024606,6.072727273,,,,,,FALSE,6.072727273,5.992307692,5.769333333,5.8,6.38,TRUE,,,,,,FALSE
3024729,,,,,,,FALSE,,,,,,FALSE,,5.763636364,5.227857143,,,FALSE
3024852,,,,,,,FALSE,,,,,,FALSE,,6.154545455,6.179285714,6.1,6.345454545,TRUE
3024975,6.436363636,,,,,,FALSE,6.436363636,6.221538462,6.152666667,5.79,6.82,TRUE,,,,,,FALSE
3025098,7.072727273,,,,,,FALSE,7.072727273,6.919230769,7.01,6.672727273,,FALSE,,,,,,FALSE
3025221,,,,,,,FALSE,,,,,,FALSE,,7.145454545,7.020714286,6.991666667,6.909090909,TRUE
3025344,7.583333333,7.288,7.105882353,7.08,6.966666667,6.990909091,TRUE,7.583333333,,,,,FALSE,,,,,,FALSE
3025467,,,,,,,FALSE,,,6.881333333,6.6,6.291666667,FALSE,,7.281818182,7.504285714,,,FALSE
3025590,7.983333333,7.279230769,6.650666667,6.3,,,FALSE,7.983333333,,,6.711111111,7.2,FALSE,,,,,,FALSE
3025713,,,,,,,FALSE,,,,,,FALSE,,6.260909091,6.294285714,5.55,6.07,TRUE
3025959,,,,,,,FALSE,,,,,,FALSE,,6.342727273,6.178461538,5.925,5.92,TRUE
3026082,,,,,,,FALSE,,,,6.33,5.13,FALSE,,7.193636364,7.399285714,7.192307692,6.933333333,TRUE
3026328,,,,,,,FALSE,,,,,,FALSE,,6.936363636,7.441428571,7.4,7.2,TRUE
3028296,,,,,,,FALSE,,,,6.6,6.327272727,FALSE,,,,7.027272727,7.018181818,FALSE
3031494,,,,,,,FALSE,,,,,,FALSE,,6.746363636,6.543571429,5.833333333,5.963636364,TRUE
3033585,,,,,,,FALSE,,,,,,FALSE,,,,,6.809090909,FALSE
3040350,,,,,,,FALSE,,,,,,FALSE,,,,6.425,6.6,FALSE
3040473,,,,,,,FALSE,,,,6.27,6.05,FALSE,,,,,,FALSE
3044778,,,,,,,FALSE,,,,,,FALSE,,,,,6.51,FALSE
3044901,,,,,,,FALSE,,,,6.909090909,6.772727273,FALSE,,,,7.927272727,7.791666667,FALSE
3045147,,,,,,,FALSE,,,,,,FALSE,,,5.951,6.083333333,5.818181818,FALSE
3048468,,,,,,,FALSE,,,,,,FALSE,,,,6.025,6.11,FALSE
3050313,,,,,6.32,6.309090909,FALSE,,,,7.02,6.94,FALSE,,,,,,FALSE
3050436,,,,,,,FALSE,,,,6.111111111,5.95,FALSE,,,,,,FALSE
3050559,,,,,,,FALSE,,,,6,5.96,FALSE,,,5.611818182,6.6,6.541666667,FALSE
3050682,,,,,,,FALSE,,,,,,FALSE,,,6.428181818,6.275,6.609090909,FALSE
3050805,,,,5.822222222,5,,FALSE,,,7.178666667,,,FALSE,,,,,,FALSE
3050928,,,,,,,FALSE,,,6.637333333,6.490909091,6.709090909,FALSE,,,,,,FALSE
3051174,,,,,,,FALSE,,,,5.32,5.572727273,FALSE,,,,,,FALSE
3052896,,,,,,,FALSE,,,,4.918181818,5.854545455,FALSE,,,,,6.79,FALSE
3053019,,,,,,,FALSE,,,,,,FALSE,,5.571818182,4.863846154,,,FALSE
3053757,,,,,,,FALSE,,,,4.577777778,,FALSE,,,,,,FALSE
3053880,7.161538462,,,,,,FALSE,7.161538462,7.380714286,7.028,6.308333333,6.472727273,TRUE,,,,,,FALSE
3054003,7.053846154,,,,,,FALSE,7.053846154,6.78,6.621333333,6.290909091,6.15,TRUE,,,,,,FALSE
3057570,5.969230769,,,,,,FALSE,5.969230769,,,,,FALSE,,,6.382142857,6.1,6.163636364,FALSE
3059169,7.184615385,7.187142857,7.006,7.15,6.909090909,6.75,TRUE,7.184615385,,,,,FALSE,,,,,,FALSE
3059292,7.630769231,7.290714286,6.621333333,,,,FALSE,7.630769231,,,6.727272727,7.02,FALSE,,,,,,FALSE
3059415,,,,,,,FALSE,,,,7.27,7.11,FALSE,,7.093076923,7.249285714,7.272727273,7.636363636,TRUE
3059784,,,,,,,FALSE,,,,,,FALSE,,6.029230769,,,,FALSE
3060153,,,,,,,FALSE,,,,,,FALSE,,5.905,6.111666667,5.033333333,,FALSE
3063105,7.053846154,,,,,,FALSE,7.053846154,7.503571429,6.67,6.109090909,6.36,TRUE,,,,,,FALSE
3065319,6.776923077,,,,,,FALSE,6.776923077,6.240714286,,,,FALSE,,,,6.5,6.54,FALSE
3065442,6.615384615,,,,,,FALSE,6.615384615,6.479285714,6.092666667,6.218181818,6.26,TRUE,,,,,,FALSE
3076758,,,,,,,FALSE,,,,,,FALSE,,6.493846154,6.349285714,6.181818182,6.418181818,TRUE
3076881,,,,,,,FALSE,,,,,,FALSE,,6.581538462,6.594285714,7.158333333,7.236363636,TRUE
3077004,7.535714286,7.535625,6.882941176,6.344444444,6.2,6.09,TRUE,7.535714286,,,,,FALSE,,,,,,FALSE
3077127,6.376923077,,,,,,FALSE,6.376923077,6.586428571,5.674666667,5.92,5.68,TRUE,,,,,,FALSE
3077250,6.607692308,6.567857143,6.036666667,,,,FALSE,6.607692308,,,6.575,6.3,FALSE,,,,,,FALSE
3077373,7.542857143,7.085625,6.001176471,,,,FALSE,7.542857143,,,7.018181818,6.91,FALSE,,,,,,FALSE
3086106,,,,,,,FALSE,,,,,,FALSE,,6.393333333,6.736923077,7,6.790909091,TRUE
3086229,7.535714286,7.358125,6.628823529,6.155555556,6.56,6.6,TRUE,7.535714286,,,,,FALSE,,,,,,FALSE
3086352,7.164285714,6.920625,6.879411765,6.233333333,6.3,6.2,TRUE,7.164285714,,,,,FALSE,,,,,,FALSE
3086475,,,,,,,FALSE,,,,,,FALSE,,6.550769231,6.425,6.3,6.545454545,TRUE
3086598,6.307692308,,,,,,FALSE,6.307692308,6.674285714,6.027333333,6.090909091,6.25,TRUE,,,,,,FALSE
3086721,7.6,7.26,6.804117647,6.72,6.872727273,6.954545455,TRUE,7.6,,,,,FALSE,,,,,,FALSE
3086844,,,,,,,FALSE,,,,,,FALSE,,6.593846154,6.351428571,5.809090909,6.68,TRUE
3086967,,,,,,,FALSE,,,,,,FALSE,,5.971538462,,,,FALSE
3087090,8.2,8.14375,7.95,7.5,7.58,7.4,TRUE,8.2,,,,,FALSE,,,,,,FALSE
3087213,7.95,7.37875,6.987647059,,,,FALSE,7.95,,,,,FALSE,,,,,,FALSE
3087336,7.015384615,6.881428571,6.375333333,,,,FALSE,7.015384615,,,,,FALSE,,,,,,FALSE
3087459,,,,,,,FALSE,,,,,,FALSE,,6.339230769,,,,FALSE
3087582,7.4,,,,,,FALSE,7.4,7.747857143,7.272,6.416666667,6.545454545,TRUE,,,,,,FALSE
3087705,,,,,,,FALSE,,,,5.79,,FALSE,,6.871538462,6.479285714,6.790909091,6.627272727,TRUE
3087828,8.071428571,8.105,8.209411765,7.777777778,7.47,7.29,TRUE,8.071428571,,,,,FALSE,,,,,,FALSE
3087951,7.115384615,6.512857143,6.651333333,6.39,6.090909091,,FALSE,7.115384615,,,,,FALSE,,,,,,FALSE
3088074,7.407692308,,,,,,FALSE,7.407692308,7.330714286,6.766,6.763636364,6.54,TRUE,,,,,,FALSE
3088197,6.846153846,,,,,,FALSE,6.846153846,7.127142857,6.322,6.054545455,5.8,TRUE,,,,,,FALSE
3088320,6.192307692,,,,,,FALSE,6.192307692,6.465,6.095714286,,,FALSE,,,,,,FALSE
3088443,6.9,,,,,,FALSE,6.9,6.706428571,,,,FALSE,,,,,,FALSE
3088566,8.035714286,7.463125,7.045882353,6.555555556,6.71,6.62,TRUE,8.035714286,,,,,FALSE,,,,,,FALSE
3088689,,,,,,,FALSE,,,,,,FALSE,,6.730769231,6.695,6.518181818,6.836363636,TRUE
3088812,6.615384615,,,,,,FALSE,6.615384615,6.386428571,4.946,,,FALSE,,,,6.9,6.88,FALSE
3089058,7.130769231,6.09,5.825333333,,,,FALSE,7.130769231,,,5.818181818,6.52,FALSE,,,,,,FALSE
3089181,,,,,,,FALSE,,,,5.9,5.12,FALSE,,6.673076923,6.282857143,6.108333333,6.718181818,TRUE
3089304,,,,,,,FALSE,,,,,,FALSE,,5.699166667,5.531666667,,,FALSE
3089427,6.238461538,,,,,,FALSE,6.238461538,6.283571429,6.086666667,5.736363636,6.54,TRUE,,,,,,FALSE
3089550,,,,,,,FALSE,,,,,,FALSE,,6.654166667,6.891538462,6.627272727,6.709090909,TRUE
3089673,,,,,,,FALSE,,,,,,FALSE,,6.395384615,6.07,5.981818182,6.181818182,TRUE
3089796,,,,,,,FALSE,,,,6.836363636,6.827272727,FALSE,,7.086153846,7.547857143,7.108333333,7.236363636,TRUE
3089919,,,,,,,FALSE,,,,,,FALSE,,6.465384615,6.474285714,5.963636364,6.588888889,TRUE
3090042,7.823076923,,,,,,FALSE,7.823076923,7.297857143,6.469333333,6.190909091,6.15,TRUE,,,,,,FALSE
3090165,7.284615385,7.390714286,7.170666667,6.966666667,7.4,7.390909091,TRUE,7.284615385,,,,,FALSE,,,,,,FALSE
3090411,6.976923077,,,,,,FALSE,6.976923077,6.455714286,5.011333333,,,FALSE,,,,,,FALSE
3090534,7.576923077,7.119285714,6.348,,,,FALSE,7.576923077,,,6.475,6.554545455,FALSE,,,,,,FALSE
3090657,7.653846154,6.538571429,6.524,6.1,6.16,6.254545455,TRUE,7.653846154,,,,,FALSE,,,,,,FALSE
3090780,,,,,,,FALSE,,,,,,FALSE,,6.633846154,6.298571429,5.872727273,5.972727273,TRUE
3090903,,,,,,,FALSE,,,,6.65,6.4,FALSE,,7.345,7.336923077,7.366666667,7.518181818,TRUE
3091026,7.384615385,,,,,,FALSE,7.384615385,7.004285714,6.522,6.272727273,6.03,TRUE,,,,,,FALSE
3093363,7.264285714,7.3675,6.932941176,6.7,6.863636364,6.772727273,TRUE,7.264285714,,,,,FALSE,,,,,,FALSE
3096192,7.323076923,7.332857143,7.498666667,7.05,6.854545455,6.563636364,TRUE,7.323076923,,,,,FALSE,,,,,,FALSE
3098529,,,,,,,FALSE,,,,5.97,5.88,FALSE,,6.286153846,6.745,6.727272727,6.981818182,TRUE
3099144,7.4,,,,,,FALSE,7.4,7.084285714,6.634666667,6.272727273,6.33,TRUE,,,,,,FALSE
3099390,,,,,,,FALSE,,,,,,FALSE,,5.520769231,,,,FALSE
3099513,6.330769231,,,,,,FALSE,6.330769231,6.273571429,6.164666667,5.190909091,,FALSE,,,,,,FALSE
3100128,,,,,,,FALSE,,,,,,FALSE,,6.056666667,6.215384615,5.245454545,,FALSE
3100251,,,,,,,FALSE,,,,,,FALSE,,6.823076923,6.880714286,6.527272727,6.366666667,TRUE
3101112,7.438461538,7.344285714,7.236666667,6.49,6.454545455,6.445454545,TRUE,7.438461538,,,,,FALSE,,,,,,FALSE
3101235,7.269230769,,,,,,FALSE,7.269230769,7.610714286,7.117333333,6.363636364,6.3,TRUE,,,,,,FALSE
3101358,6.092307692,,,,,,FALSE,6.092307692,4.887857143,,,,FALSE,,,,,,FALSE
3102465,,,,,,,FALSE,,,,,,FALSE,,,,6,5.627272727,FALSE
3103572,,,,,,,FALSE,,,,6.163636364,,FALSE,,,,6.608333333,6.809090909,FALSE
3103695,,,,,6.816666667,6.707692308,FALSE,,,,,,FALSE,,,,,,FALSE
3103818,,,6.168666667,4.888888889,,,FALSE,,,,6.26,6.163636364,FALSE,,,,,,FALSE
3103941,,,,,,,FALSE,,,,6.990909091,6.9,FALSE,,,,,,FALSE
3104064,,,,,8.01,7.69,FALSE,,6.3575,6.698666667,7.38,7.572727273,FALSE,,,,,,FALSE
3104187,,,,,,,FALSE,,,,6.172727273,6.236363636,FALSE,,,,,,FALSE
3104310,,,,,,,FALSE,,,,5.133333333,5.627272727,FALSE,,,,,,FALSE
3105294,6.669230769,,,,,,FALSE,6.669230769,7.043571429,,,,FALSE,,,,,,FALSE
3105417,,,,,,,FALSE,,,,4.44,5.227272727,FALSE,,,,,,FALSE
3105540,,,,,,,FALSE,,,,,,FALSE,,,,6.345454545,6.236363636,FALSE
3105909,,,,,,,FALSE,,,,5.871428571,,FALSE,,,,,,FALSE
3106032,,,,,,,FALSE,,,,4.52,,FALSE,,,,,,FALSE
3106155,,,,,,,FALSE,,,,,,FALSE,,,,,6.82,FALSE
3106401,,,,,,,FALSE,,,,6.345454545,6.218181818,FALSE,,,,,,FALSE
3106524,,,,,,,FALSE,,,,5.909090909,5.909090909,FALSE,,,,,,FALSE
3106647,7.615384615,,,,,,FALSE,7.615384615,7.224285714,6.078666667,4.881818182,5.72,TRUE,,,,,,FALSE
3107016,,,,5.57,6.94,7.054545455,FALSE,,,,,,FALSE,,,,,,FALSE
3107754,,,,,,,FALSE,,,,5.981818182,5.736363636,FALSE,,,,,,FALSE
3108246,,,,,,,FALSE,,,,,,FALSE,,,5.891428571,5.854545455,5.845454545,FALSE
3108369,,,,,,,FALSE,,,,4.13,6.027272727,FALSE,,,,,,FALSE
3108738,6.966666667,6.745,6.288823529,4.6,,,FALSE,6.966666667,,,5.7,,FALSE,,,,,,FALSE
3109107,,,,,,,FALSE,,,,,,FALSE,,6.562307692,6.216923077,6.05,6.322222222,TRUE
3110706,7.077692308,6.799333333,6.382352941,4.62,,,FALSE,,,,,,FALSE,,,,,,FALSE
3110829,5.633333333,,,,,,FALSE,5.633333333,5.765384615,,,,FALSE,,,,6.861538462,6.872727273,FALSE
3110952,6.271666667,6.239230769,,,,,FALSE,,,6.12,5.68,,FALSE,,,,,,FALSE
3111075,,,,,,,FALSE,,,,,,FALSE,,7.032307692,6.315833333,5.833333333,6.13,TRUE
3111198,,,,,,,FALSE,,,,,,FALSE,,6.11,6.623846154,6.75,6.609090909,TRUE
3111321,7.880769231,7.412666667,7.329411765,6.72,6.654545455,,FALSE,,,,,,FALSE,,,,,,FALSE
3111444,,,,,,,FALSE,,,,,,FALSE,,4.82,6.425,6.672727273,6.68,TRUE
3111567,7.984615385,7.796,8.182352941,8.27,8.227272727,,FALSE,,,,,,FALSE,,,,,,FALSE
3111690,,,,,,,FALSE,,,,6.76,,FALSE,,7.018333333,6.7125,7.266666667,7.69,TRUE
3111813,,,,,,,FALSE,,,,,,FALSE,,7.124615385,6.856923077,6.8,6.68,TRUE
3111936,4.922222222,,,,,,FALSE,4.922222222,,,,,FALSE,,,6.343076923,6.430769231,6.48,FALSE
3112059,,,,,,,FALSE,,,,,,FALSE,,5.49,5.916153846,6.041666667,6.311111111,TRUE
3112797,6.755555556,6.906153846,6.646666667,,,,FALSE,6.755555556,,,6.24,,FALSE,,,,,,FALSE
3112920,,,,,,,FALSE,,,,,,FALSE,,,7.254166667,6.291666667,5.766666667,FALSE
3113043,,,,,,,FALSE,,,,,,FALSE,,5.92,6.865384615,6.553846154,6.42,TRUE
3115380,6.322222222,,,,,,FALSE,6.322222222,5.683076923,,,,FALSE,,,,,,FALSE
3115503,,,,,,,FALSE,,,,,,FALSE,,5.01,5.9825,6.709090909,7.22,TRUE
3115626,6.277777778,,,,,,FALSE,6.277777778,6.685384615,6.526666667,6.82,6.56,TRUE,,,,,,FALSE
3115995,,,,,,,FALSE,,,,,,FALSE,,,,6.083333333,5.836363636,FALSE
3116610,,,,,,,FALSE,,,,,,FALSE,,6.187692308,5.993076923,6.2,6.4,TRUE
3117225,,,,,,,FALSE,,,,,,FALSE,,5.06,6.121666667,5.683333333,6.13,TRUE
3117717,5.666666667,,,,,,FALSE,5.666666667,6.23,6.033333333,5.88,,FALSE,,,,,,FALSE
3117963,,7.725384615,7.626666667,7.02,6.818181818,,FALSE,,,,,,FALSE,,,,,,FALSE
3118824,,,,,,,FALSE,,,,,,FALSE,,6.480833333,5.833333333,6.066666667,6.12,TRUE
3120300,,,,,,,FALSE,,6.284615385,,,,FALSE,,6.7,,6.275,6.47,FALSE
3120423,6.377777778,,,,,,FALSE,6.377777778,6.481538462,6.193333333,6.07,5.61,TRUE,,,,,,FALSE
3127803,8.588461538,8.384666667,8.482352941,8.244444444,8.34,,FALSE,,,,,,FALSE,,,,,,FALSE
3127926,,,,,,,FALSE,,,,,,FALSE,,6.741538462,6.296923077,6.3,6.54,TRUE
3128049,,,,,,,FALSE,,,,,,FALSE,,6.293076923,5.926923077,6.581818182,6.290909091,TRUE
3128295,,,,,,,FALSE,,,,,,FALSE,,6.24,6.682307692,6.358333333,6.29,TRUE
3128418,,,,,,,FALSE,,7.473076923,,,,FALSE,,6.99,,,,FALSE
3130140,,,,,,,FALSE,,,,,,FALSE,,5.01,6.13,5.908333333,6.166666667,TRUE
3130386,6.685833333,6.910769231,6.426666667,5.05,,,FALSE,,,,6.57,,FALSE,,,,,,FALSE
3130509,6.365,5.864615385,,,,,FALSE,,,6.246666667,,,FALSE,,,,,,FALSE
3130632,4.744444444,,,,,,FALSE,4.744444444,,,,,FALSE,,,6.279166667,6.416666667,6.35,FALSE
3130878,5.555555556,,,,,,FALSE,5.555555556,5.996923077,6.006666667,4.76,,FALSE,,,,,,FALSE
3131985,,,,,,,FALSE,,,,,,FALSE,,4.4,,,,FALSE
3133215,5.477777778,,,,,,FALSE,5.477777778,5.390769231,,,,FALSE,,,,6.55,6.61,FALSE
3133338,,,,,,,FALSE,,,,,,FALSE,,6.244615385,6.13,6.508333333,6.49,TRUE
3133707,7.457692308,7.089333333,6.182352941,,,,FALSE,,,,,,FALSE,,,,,,FALSE
3133830,7.182307692,7.118666667,7.082352941,6.488888889,6.59,,FALSE,,,,,,FALSE,,,,,,FALSE
3134076,7.688888889,,,,,,FALSE,7.688888889,7.93,7.86,7.47,7.41,TRUE,,,,,,FALSE
3135306,6.177777778,,,,,,FALSE,6.177777778,6.761538462,,,,FALSE,,,,,,FALSE
3135921,,,,,,,FALSE,,,,,,FALSE,,6.516153846,6.334615385,5.95,6.411111111,TRUE
3136044,,,,,,,FALSE,,,,,,FALSE,,6.103333333,5.570833333,,,FALSE
3136167,,,,,,,FALSE,,,,,,FALSE,,6.584166667,5.938333333,,,FALSE
3137889,6.244444444,,,,,,FALSE,6.244444444,6.293846154,6.473333333,6.03,5.89,TRUE,,,,,,FALSE
3138135,,,,,,,FALSE,,,,,,FALSE,,5.925384615,,,,FALSE
3138873,7.044444444,,,,,,FALSE,7.044444444,7.397692308,7.173333333,6.63,6.27,TRUE,,,,,,FALSE
3139242,6.077692308,,,,,,FALSE,,5.644615385,,,,FALSE,,,,6.415384615,6.63,FALSE
3139365,5.144444444,,,,,,FALSE,5.144444444,,,,,FALSE,,,6.784166667,6.108333333,5.866666667,FALSE
3139488,6.5,,,,,,FALSE,6.5,6.659230769,6.6,6.52,6.42,TRUE,,,,,,FALSE
3139611,5.765,,,,,,FALSE,,6.191538462,6.246666667,6.2,5.89,FALSE,,,,,,FALSE
3141210,5.355555556,,,,,,FALSE,5.355555556,5.706153846,,,,FALSE,,,,5.858333333,6.14,FALSE
3141333,,,,,,,FALSE,,,,,,FALSE,,6.35,6.100833333,5.483333333,,FALSE
3141456,7.711538462,7.925333333,8.082352941,7.755555556,7.64,,FALSE,,,,,,FALSE,,,,,,FALSE
3141579,5.811111111,,,,,,FALSE,5.811111111,6.165384615,5.686666667,,,FALSE,,,,6.6,6.41,FALSE
3141702,6.844444444,,,,,,FALSE,6.844444444,6.919230769,6.506666667,6.33,6.14,TRUE,,,,,,FALSE
3141825,,,,,,,FALSE,,,,,,FALSE,,5.5,6.120769231,6.166666667,6.31,TRUE
3142071,,,,,,,FALSE,,,,,,FALSE,,,6.741538462,,,FALSE
3142194,7.443846154,6.823846154,6.24,6.3,,,FALSE,,,,,,FALSE,,,,,,FALSE
3142440,6.736153846,6.550666667,6.026666667,4.39,,,FALSE,,,,6.7,,FALSE,,,,,,FALSE
3142809,5.188888889,,,,,,FALSE,5.188888889,,,,,FALSE,,,5.195,,,FALSE
3143055,,,,,,,FALSE,,,,,,FALSE,,5.23,6.319230769,5.792307692,6.03,TRUE
3143178,,,,,,,FALSE,,6.823846154,6.426666667,5.41,,FALSE,,7.18,,,,FALSE
3143301,,,,,,,FALSE,,6.533076923,6.426666667,5.99,,FALSE,,7.01,,,,FALSE
3145638,,,,6.866666667,6.990909091,7.066666667,FALSE,,,,,,FALSE,,,,,,FALSE
3145761,,,,,,,FALSE,,6.905384615,6.666666667,6.76,6.66,FALSE,,7.3,,,,FALSE
3145884,,,,,,,FALSE,,6.626923077,6.18,,,FALSE,,7.07,,,,FALSE
3146007,,,,,,,FALSE,,6.529230769,6.506666667,6.18,5.92,FALSE,,6.99,,,,FALSE
3146130,5.928333333,,,,,,FALSE,,5.162307692,6.1,6.33,,FALSE,,,,,,FALSE
3147606,6.666666667,,,,,,FALSE,6.666666667,7.511538462,7.08,6.509090909,6.336363636,TRUE,,,,,,FALSE
3147729,6,,,,,,FALSE,6,6.513846154,6.42,5.69,,FALSE,,,,,,FALSE
3147852,6.511111111,,,,,,FALSE,6.511111111,7.158461538,7.086666667,6.57,6.54,TRUE,,,,,,FALSE
3147975,,,,,,,FALSE,,,,,,FALSE,,6.505833333,5.865,,,FALSE
3148098,6.813076923,6.123076923,,,,,FALSE,,,6.18,4.33,,FALSE,,,,,,FALSE
3148221,6.288888889,,,,,,FALSE,6.288888889,6.44,6.093333333,5.81,6.15,TRUE,,,,,,FALSE
3148344,5.488888889,,,,,,FALSE,5.488888889,5.938461538,,,,FALSE,,,,6.415384615,6.25,FALSE
3148467,,,,,,,FALSE,,6.815384615,6.56,6.27,6.21,FALSE,,7.41,,,,FALSE
3148590,7.655555556,,7.646666667,6.681818182,6.85,,FALSE,7.655555556,7.920769231,,,,FALSE,,,,,,FALSE
3148713,7.066666667,,,,,,FALSE,7.066666667,7.469230769,7.34,7.081818182,6.872727273,TRUE,,,,,,FALSE
3149205,,,,,,,FALSE,,,,6.76,,FALSE,,7.715384615,7.463076923,7.533333333,7.42,TRUE
3149451,5.518333333,,,,,,FALSE,,5.223846154,6.1,5.85,,FALSE,,,,,,FALSE
3151050,6.3625,5.345384615,,,,,FALSE,,,5.58,,,FALSE,,,,,6.71,FALSE
3151296,,,,,,,FALSE,,,,,,FALSE,,6.181538462,,,,FALSE
3151419,,,,,,,FALSE,,,,,,FALSE,,,6.480714286,,,FALSE
3153633,6,,,,,,FALSE,6,6.598461538,6.5,6.51,6.29,TRUE,,,,,,FALSE
3156585,,,,,,,FALSE,,6.965384615,6.893333333,7.14,6.96,FALSE,,7.01,,,,FALSE
3156708,,,,,,,FALSE,,,,,,FALSE,,6.4225,6.22,5.7,6.288888889,TRUE
3156831,,,,,,,FALSE,,6.705384615,6.566666667,6.82,6.95,FALSE,,7.734615385,,,,FALSE
3156954,7.67,7.951333333,8.105882353,8,8.07,,FALSE,,,,,,FALSE,,,,,,FALSE
3157077,,,,,,,FALSE,,6.736923077,6.346666667,6.25,6.24,FALSE,,7.02,,,,FALSE
3157200,,,,,,,FALSE,,,,,,FALSE,,6.09,6.141538462,6.241666667,6.37,TRUE
3157323,,,,,,,FALSE,,6.767692308,6.326666667,5.39,,FALSE,,6.51,,,,FALSE
3157938,,,,,,,FALSE,,,,,,FALSE,,5.95,5.855384615,,,FALSE
3158061,5.755555556,,,,,,FALSE,5.755555556,5.940769231,5.5,5.82,,FALSE,,,,,,FALSE
3158307,7.067692308,6.736153846,6.606666667,6.5,6.5,,FALSE,,,,,,FALSE,,,,,,FALSE
3158430,,,,,,,FALSE,,6.369230769,6.033333333,6.05,5.86,FALSE,,6.859230769,,,,FALSE
3159168,,,,,,,FALSE,,6.684615385,5.953333333,,,FALSE,,6.7,,,,FALSE
3159537,,,,,,,FALSE,,,,,,FALSE,,6.1825,5.53,5.954545455,5.72,TRUE
3159660,,,,,,,FALSE,,,,5.77,,FALSE,,,6.83,6.609090909,6.745454545,FALSE
3159783,,,,,,,FALSE,,,,,,FALSE,,,,6.4,6.427272727,FALSE
3160398,,,,,,,FALSE,,,,,,FALSE,,,,6.858333333,6.809090909,FALSE
3160521,,,,,,,FALSE,,,,6,6.081818182,FALSE,,,,,,FALSE
3160644,,,,,,,FALSE,,6.666428571,6.440666667,6.127272727,6.2,FALSE,,,,,,FALSE
3160890,,,,,,,FALSE,,,,5.890909091,5.718181818,FALSE,,,,,,FALSE
3161013,,,,,,,FALSE,,,6.212,6.009090909,5.825,FALSE,,,,,,FALSE
3161136,,,,,,,FALSE,,,,,,FALSE,,,7.184285714,6.872727273,6.963636364,FALSE
3161259,,,,,,,FALSE,,,,,,FALSE,,,5.936428571,5.808333333,6.5,FALSE
3162366,,,,,,,FALSE,,,,6.2,6.163636364,FALSE,,,,,,FALSE
3162612,,,6.771333333,6.744444444,6.441666667,6.381818182,FALSE,,,,,,FALSE,,,,,,FALSE
3162858,,,,,,,FALSE,,6.838571429,6.773333333,6.609090909,6.49,FALSE,,,,,,FALSE
3162981,,,,,,,FALSE,,,,,,FALSE,,,,4.7,,FALSE
3163596,,,,,,,FALSE,,,,5.52,,FALSE,,,,,,FALSE
3163719,,,,,,,FALSE,,,,4.29,,FALSE,,,,,,FALSE
3168024,,,,,,,FALSE,,,,7.45,7.31,FALSE,,,7.983846154,7.890909091,7.790909091,FALSE
3168393,7.281538462,7.038461538,7.146666667,7.43,,,FALSE,,,,,,FALSE,,,,,,FALSE
3168516,,,,,,,FALSE,,5.738461538,,,,FALSE,,,,6.281818182,,FALSE
3168762,,,,,,,FALSE,,7.069230769,6.653333333,6.590909091,,FALSE,,,,,,FALSE
3169008,,,,,,,FALSE,,,,,,FALSE,,6.504545455,5.566666667,,,FALSE
3169131,6.373076923,6.115384615,,,,,FALSE,,,6.446666667,5.7,,FALSE,,,,,,FALSE
3169254,6.745,,,,,,FALSE,,,,,,FALSE,,,,,,FALSE
3169377,6.316666667,,,,,,FALSE,6.316666667,5.869230769,6.446666667,,,FALSE,,,,,,FALSE
3169746,7.566923077,7.453333333,7.352941176,6.588888889,,,FALSE,,,,,,FALSE,,,,,,FALSE
3170607,,,,,,,FALSE,,,,,,FALSE,,,6.791666667,6.408333333,6.622222222,FALSE
3170976,5.958333333,,,,,,FALSE,5.958333333,5.65,6.4,,,FALSE,,,,,,FALSE
3171099,,,,,,,FALSE,,5.992307692,,,,FALSE,,,,6.25,6.3,FALSE
3171222,7.046923077,7.161538462,6.766666667,5.08,,,FALSE,,,,,,FALSE,,,,,,FALSE
3171345,7.366666667,6.938461538,6.646666667,,,,FALSE,7.366666667,,,6.44,,FALSE,,,,,,FALSE
3173682,,,,,,,FALSE,,5,,,,FALSE,,,,,,FALSE
3173805,7.516666667,7.476923077,7.186666667,6.37,,,FALSE,7.516666667,,,,,FALSE,,,,,,FALSE
3174051,,,,,,,FALSE,,,,,,FALSE,,6.6525,6.730769231,7.009090909,6.92,TRUE
3174174,7.391538462,7.446666667,7.1,6.877777778,,,FALSE,,,,,,FALSE,,,,,,FALSE
3174297,,,,,,,FALSE,,6.461538462,7.38,,,FALSE,,,,,,FALSE
3174420,,,,,,,FALSE,,,,,,FALSE,,6.71,6.269230769,6.163636364,6.15,TRUE
3174543,,,,,,,FALSE,,7.1,6.9,6.63,,FALSE,,,,,,FALSE
3174666,,,,,,,FALSE,,,,,,FALSE,,,6.423076923,5.958333333,6.32,FALSE
3174789,7.03,6.969230769,6.753333333,6.145454545,,,FALSE,,,,,,FALSE,,,,,,FALSE
3174912,7.041538462,7.138461538,7.106666667,7.43,,,FALSE,,,,,,FALSE,,,,,,FALSE
3175035,,,,,,,FALSE,,,,,,FALSE,,6.968333333,6.284615385,6.172727273,6.26,TRUE
3175158,7.683333333,7.330769231,7.64,7.1,,,FALSE,7.683333333,,,,,FALSE,,,,,,FALSE
3175281,,,,,,,FALSE,,7.715384615,7.526666667,7.618181818,,FALSE,,7.633333333,,,,FALSE
3175404,,,,,,,FALSE,,,,,,FALSE,,6.108333333,6.607692308,,,FALSE
3175527,,,,,,,FALSE,,6.676923077,6.273333333,5.87,,FALSE,,7.458333333,,,,FALSE
3175650,,,,,,,FALSE,,,,,,FALSE,,7.38,6.930769231,6.533333333,6.66,TRUE
3175773,,,,,,,FALSE,,,,,,FALSE,,7.608181818,7.958333333,7.509090909,7.3,TRUE
3175896,7.535384615,7.473333333,7.1,6.427272727,,,FALSE,,,,,,FALSE,,,,,,FALSE
3176019,7.034615385,6.986666667,6.823529412,7.11,,,FALSE,,,,,,FALSE,,,,,,FALSE
3176142,7.233333333,7.115384615,6.793333333,6.23,,,FALSE,7.233333333,,,,,FALSE,,,,,,FALSE
3176265,6.341666667,,,,,,FALSE,6.341666667,6.592307692,6.546666667,5.98,,FALSE,,,,,,FALSE
3176388,7.605384615,7.42,7.382352941,6.822222222,,,FALSE,,,,,,FALSE,,,,,,FALSE
3176634,7.401538462,7.223076923,7.14,7.18,,,FALSE,,,,,,FALSE,,,,,,FALSE
3176757,7.108461538,6.853846154,7.013333333,6.6,,,FALSE,,,,,,FALSE,,,,,,FALSE
3177249,6.083333333,,,,,,FALSE,6.083333333,5.392307692,,,,FALSE,,,6.953846154,6.25,,FALSE
3177372,,,,,,,FALSE,,,,,,FALSE,,5.333333333,6.1,5.863636364,,FALSE
3177495,,,,,,,FALSE,,,,,,FALSE,,6.533333333,6.576923077,7.136363636,7.2,TRUE
3177618,,,,,,,FALSE,,5.538461538,,,,FALSE,,,,,,FALSE
3177741,,,,,,,FALSE,,,,,,FALSE,,6.695,6.415384615,6.4,6.29,TRUE
3177864,,,,,,,FALSE,,6.961538462,6.326666667,6.27,,FALSE,,,,,,FALSE
3177987,,,,,,,FALSE,,,,,,FALSE,,6.425,6.338461538,6.081818182,6.17,TRUE
3178233,6.838461538,6.861538462,6.813333333,6.63,,,FALSE,,,,,,FALSE,,,,,,FALSE
3178356,7.383076923,6.538461538,6.226666667,5.944444444,,,FALSE,,,,,,FALSE,,,,,,FALSE
3178479,,,,,,,FALSE,,8.115384615,7.686666667,7.2,,FALSE,,,,,,FALSE
3178602,,,,,,,FALSE,,,,,,FALSE,,6.729166667,6.615384615,6.527272727,6.55,TRUE
3178725,7.203846154,7.32,7.676470588,7.477777778,,,FALSE,,,,,,FALSE,,,,,,FALSE
3178848,,,,,,,FALSE,,6.969230769,6.4,6.445454545,,FALSE,,,,,,FALSE
3178971,,,,,,,FALSE,,7.2,7.42,7.436363636,,FALSE,,,,,,FALSE
3179094,7.025,7.092307692,7.033333333,6.41,,,FALSE,7.025,,,,,FALSE,,,,,,FALSE
3179463,6.634615385,6.476923077,5.230769231,,,,FALSE,,,,,,FALSE,,,,,,FALSE
3179586,,,,,,,FALSE,,,,,,FALSE,,6.848181818,6.483333333,5.845454545,,FALSE
3179709,6.5675,6.215384615,5.933333333,,,,FALSE,,,,6.25,,FALSE,,,,,,FALSE
3179832,6.294166667,6.261538462,5.74,,,,FALSE,,,,5.51,,FALSE,,,,,,FALSE
3179955,,,,,,,FALSE,,,,,,FALSE,,5.858333333,6.146153846,5.566666667,,FALSE
3180078,6.6925,6.761538462,6.733333333,5.78,,,FALSE,,,,,,FALSE,,,,,,FALSE
3180324,7.884166667,7.515384615,7.586666667,7.663636364,,,FALSE,,,,,,FALSE,,,,,,FALSE
3181062,7.046153846,6.969230769,7.126666667,7.45,,,FALSE,,,,,,FALSE,,,,,,FALSE
3181185,,,,,,,FALSE,,,,,,FALSE,,6.55,6.592307692,6.545454545,6.84,TRUE
3181308,7.053076923,7.046666667,7.164705882,6.877777778,,,FALSE,,,,,,FALSE,,,,,,FALSE
3181431,6.3,,,,,,FALSE,6.3,6.384615385,6.333333333,5.32,,FALSE,,,,,,FALSE
3181554,,,,,,,FALSE,,,,,,FALSE,,6.765454545,6.333333333,6.063636364,6.01,TRUE
3181677,,,,,,,FALSE,,6.323076923,5.3,,,FALSE,,,,6.545454545,,FALSE
3181800,,,,,,,FALSE,,6.930769231,6.633333333,5.76,,FALSE,,7.233333333,,,,FALSE
3185859,,,,,,,FALSE,,7.115384615,6.726666667,6.518181818,,FALSE,,,,,,FALSE
3186474,,,,,,,FALSE,,,,,,FALSE,,7.331666667,6.876923077,6.016666667,6.027272727,TRUE
3187089,,,,,,,FALSE,,,,,,FALSE,,6.775,6.623076923,,,FALSE
3187581,7.313076923,6.938461538,6.533333333,,,,FALSE,,,,6.55,,FALSE,,,,,,FALSE
3188196,,,,,,,FALSE,,,,,,FALSE,,5.975,5.884615385,4.390909091,,FALSE
3188319,,,,,,,FALSE,,,,,,FALSE,,5.433333333,5.146153846,6.1,,FALSE
3190779,7.191666667,6.833333333,6.253333333,,,,FALSE,7.191666667,,,,,FALSE,,,,,,FALSE
3191271,,,,,,,FALSE,,,,,,FALSE,,8.057272727,8.066666667,7.375,7.27,TRUE
3191517,5.341666667,,,,,,FALSE,5.341666667,,,,,FALSE,,,6.445454545,,,FALSE
3191640,,,,,,,FALSE,,,,,,FALSE,,5.866666667,6.315384615,6.316666667,6.33,TRUE
3191763,,,,,,,FALSE,,,,,,FALSE,,,6.050909091,6.527272727,6.718181818,FALSE
3192255,6.851538462,6.453846154,6.306666667,5.55,,,FALSE,,,,,,FALSE,,,,,,FALSE
3192624,5.441666667,,,,,,FALSE,5.441666667,5.438461538,,,,FALSE,,,,6.763636364,,FALSE
3192993,7.3,7.123076923,6.646666667,,,,FALSE,7.3,,,6.63,,FALSE,,,,,,FALSE
3194100,7.108333333,6.746153846,6.313333333,5.22,,,FALSE,7.108333333,,,,,FALSE,,,,,,FALSE
3194469,,,,,,,FALSE,,6.030769231,6.133333333,6.01,,FALSE,,,,,,FALSE
3194961,,,,,,,FALSE,,6.607692308,,,,FALSE,,7.716666667,,7.941666667,8.072727273,FALSE
3195822,,,,,,,FALSE,,6.8,6.846666667,6.56,,FALSE,,7.225,,,,FALSE
3195945,6.325,,,,,,FALSE,6.325,6.453846154,6.52,,,FALSE,,,,,,FALSE
3196068,,,,,,,FALSE,,,,,,FALSE,,7.905454545,7.641666667,7.072727273,7.06,TRUE
3196191,,,,,,,FALSE,,,,,,FALSE,,5.783333333,6.538461538,5.841666667,,FALSE
3197175,,,,,,,FALSE,,6.792307692,6.953333333,6.5,,FALSE,,7.058333333,,,,FALSE
3197421,,,,,,,FALSE,,6.953846154,6.886666667,6.727272727,,FALSE,,,,,,FALSE
3199143,,,,,,,FALSE,,,,,,FALSE,,,6.5,6.208333333,6.12,FALSE
3199266,7.361538462,7.469230769,7.373333333,6.14,,,FALSE,,,,,,FALSE,,,,,,FALSE
3199389,6.825,,,,,,FALSE,6.825,7.3,7.173333333,6.090909091,,FALSE,,,,,,FALSE
3200988,6.075,,,,,,FALSE,6.075,6.092307692,,,,FALSE,,,,4.336363636,,FALSE
3204309,,,,,,,FALSE,,,,,,FALSE,,6.791666667,6.676923077,6.827272727,6.911111111,TRUE
3204555,,,,,,,FALSE,,,,,,FALSE,,7.383333333,7.238461538,6.909090909,6.99,TRUE
3204801,,,,,,,FALSE,,,,,,FALSE,,,6.893846154,6.669230769,6.990909091,FALSE
3211689,,,,,,,FALSE,,,,,,FALSE,,6.7175,6.484615385,6.345454545,6.336363636,TRUE
3211812,,,,,,,FALSE,,,,,,FALSE,,6.566363636,5.883333333,6.3,,FALSE
3211935,,,,,,,FALSE,,,,,,FALSE,,,6.207692308,6.145454545,6.16,FALSE
3212058,6.425,,,,,,FALSE,6.425,6.653846154,6.5,5.75,,FALSE,,,,,,FALSE
3212181,,,,,,,FALSE,,7.315384615,6.926666667,6.754545455,,FALSE,,,,,,FALSE
3212304,5.791666667,,,,,,FALSE,5.791666667,,,,,FALSE,,,6.407692308,5.633333333,,FALSE
3212427,,,,,,,FALSE,,,,,,FALSE,,6.554166667,5.5,6.054545455,,FALSE
3212673,,,,,,,FALSE,,,,,,FALSE,,6.675,6.853846154,6.690909091,6.89,TRUE
3212919,7.391666667,7.415384615,7.606666667,7.4,,,FALSE,7.391666667,,,,,FALSE,,,,,,FALSE
3213042,,,,,,,FALSE,,,,5.99,5.518181818,FALSE,,,,,,FALSE
3214026,5.4,,,,,,FALSE,5.4,,,,,FALSE,,,6.161538462,4.581818182,,FALSE
3214272,,,,,,,FALSE,,,,,,FALSE,,,6.330769231,6.433333333,6.445454545,FALSE
3214518,,,,,,,FALSE,,,,,,FALSE,,6.691666667,6.961538462,6.616666667,6.663636364,TRUE
3214764,,,,,,,FALSE,,,,,,FALSE,,6.466666667,7.207692308,,,FALSE
3214887,4.44,,,,,,FALSE,4.44,4.918461538,,,,FALSE,,,,,,FALSE
3215010,,,,,,,FALSE,,,,,,FALSE,,,,,6.28,FALSE
3215133,,7.198,6.574705882,6.1,6.75,6.57,FALSE,,,,,,FALSE,,,,,,FALSE
3216978,,,,7.111111111,6.883333333,6.654545455,FALSE,,,,,,FALSE,,,,,,FALSE
3217101,,,,,,,FALSE,,,,6.59,6.39,FALSE,,,,7.15,7.136363636,FALSE
3218331,,,,,,,FALSE,,,6.32,6.34,,FALSE,,6.75,7.376923077,,,FALSE
3218577,,,,,,,FALSE,,,,,,FALSE,,,6.208333333,6.581818182,6.76,FALSE
3220914,,,,,,,FALSE,,,5.897333333,5.1,,FALSE,,,,,,FALSE
3221037,,,,,,,FALSE,,6.116923077,5.833333333,,,FALSE,,,,,,FALSE
3221283,,7.500833333,,,,,FALSE,,,,,,FALSE,,,,,,FALSE
3221406,,,,,,,FALSE,,,,,,FALSE,,,,6.336363636,6.2,FALSE
3221529,,,,,,,FALSE,,,,,,FALSE,,,,6.718181818,7.3,FALSE
3225957,,,,,,,FALSE,,,6.78,7.15,7.01,FALSE,,,7.323076923,,,FALSE
3226080,,,,,,,FALSE,,,,,,FALSE,,,6.058333333,4.866666667,,FALSE
3226203,,,7.321176471,6.78,6.154545455,6.245454545,FALSE,,,,,,FALSE,,,,,,FALSE
3226326,,,,,,,FALSE,,6.083076923,,,,FALSE,,,,6.416666667,6.35,FALSE
3226449,,,,,,,FALSE,,,,,,FALSE,,,6.107692308,5.925,5.99,FALSE
3226572,,,,,,,FALSE,,,6.46,6.772727273,6.32,FALSE,,,,,,FALSE
3226695,,,,,,,FALSE,,,,6.19,6.045454545,FALSE,,,,,,FALSE
3226818,6.091666667,,,,,,FALSE,6.091666667,5.446153846,,,,FALSE,,,,,,FALSE
3226941,,,,,,,FALSE,,,,5.07,,FALSE,,,,,,FALSE
3227064,,,,,,,FALSE,,,,6.14,,FALSE,,,,,,FALSE
3227187,,6.353846154,6.133333333,5.33,,,FALSE,,,,,,FALSE,,,,,,FALSE
3227310,,,,,,,FALSE,,5.846923077,,,,FALSE,,,,6.2,6.32,FALSE
3228048,,,,,,,FALSE,,,6.383333333,6.490909091,6.3,FALSE,,,,,,FALSE
3228171,,,,,,,FALSE,,,6.118571429,5.58,5.65,FALSE,,,,,,FALSE
3228294,,,,6.488888889,6.275,6.154545455,FALSE,,,,,,FALSE,,,,,,FALSE
3228663,,,,,,,FALSE,,6,5.993333333,5.85,,FALSE,,,,,,FALSE
3228909,,,,,,,FALSE,,,,,,FALSE,,6.136363636,,,,FALSE
3229401,,,,,,,FALSE,,,,3.67,,FALSE,,,,,,FALSE
3243669,,,,,,,FALSE,,,,,,FALSE,,7.106363636,6.766666667,6.4,6.22,TRUE
3248220,,,,,,,FALSE,,6.861538462,,,,FALSE,,,,,,FALSE
3252648,6.25,,,,,,FALSE,6.25,5.338461538,,,,FALSE,,,,6.527272727,,FALSE
3252894,7.416666667,7.084615385,6.826666667,,,,FALSE,7.416666667,,,,,FALSE,,,,,,FALSE
3253509,,,,,,,FALSE,,6.530769231,6.206666667,,,FALSE,,,,,,FALSE
3253755,,,,,,,FALSE,,6.561538462,5.88,,,FALSE,,7.033333333,,,,FALSE
3254124,,,,,,,FALSE,,6.507692308,6.06,,,FALSE,,,,,,FALSE
3254247,,,,,,,FALSE,,,,,,FALSE,,6.433333333,6.576923077,6.072727273,,FALSE
3254493,7.230769231,6.915384615,6.5,,,,FALSE,,,,,,FALSE,,,,,,FALSE
3254739,7.292307692,6.82,6.494117647,,,,FALSE,,,,,,FALSE,,,,,,FALSE
3255723,6.938333333,6.684615385,6.726666667,6.86,,,FALSE,,,,,,FALSE,,,,,,FALSE
3255969,,,,,,,FALSE,,7.415384615,7.32,,,FALSE,,,,,,FALSE
3256707,,,,,,,FALSE,,6.7,6.233333333,,,FALSE,,7.125,,,,FALSE
3257568,6.941666667,6.592307692,6.133333333,,,,FALSE,6.941666667,,,,,FALSE,,,,,,FALSE
3257691,,,,,,,FALSE,,,,,,FALSE,,5.9,4.875,,,FALSE
3257814,7.05,6.846153846,6.44,,,,FALSE,7.05,,,,,FALSE,,,,,,FALSE
3257937,6.633333333,6.838461538,6.386666667,,,,FALSE,6.633333333,,,,,FALSE,,,,,,FALSE
3258060,7.261538462,7.193333333,6.988235294,,,,FALSE,,,,,,FALSE,,,,,,FALSE
3258183,,,,,,,FALSE,,,,,,FALSE,,6.841666667,6.358333333,6.563636364,,FALSE
3258306,,,,,,,FALSE,,7.184615385,6.64,,,FALSE,,7.558333333,,,,FALSE
3264702,,,,,,,FALSE,,6.284615385,6.546153846,,,FALSE,,,,,,FALSE
3269745,,,,,,,FALSE,,6.058333333,5.673333333,6.66,,FALSE,,,,,,FALSE
3273066,7.45,7.466666667,6.670588235,,,,FALSE,7.45,,,,,FALSE,,,,,,FALSE
3273189,,,,,,,FALSE,,6.769230769,6.466666667,,,FALSE,,,,,,FALSE
3273312,7.161538462,6.3,5.92,,,,FALSE,,,,,,FALSE,,,,,,FALSE
3273435,6.266666667,,,,,,FALSE,6.266666667,6.453846154,6.54,,,FALSE,,,,,,FALSE
3274419,,,,,,,FALSE,,6.661538462,6.633333333,,,FALSE,,,,,,FALSE
3274542,,,,,,,FALSE,,6.684615385,6.486666667,,,FALSE,,,,,,FALSE
3274665,6.969230769,6.923076923,6.6,,,,FALSE,,,,,,FALSE,,,,,,FALSE
3274911,,,,,,,FALSE,,6.453846154,5.913333333,,,FALSE,,6.608333333,,,,FALSE
3275034,,,,,,,FALSE,,,,,,FALSE,,7.366666667,7.169230769,6.416666667,,FALSE
3275280,,,,,,,FALSE,,,6.406666667,,,FALSE,,6.841666667,7.492307692,,,FALSE
3275895,6.653846154,6.384615385,6.226666667,,,,FALSE,,,,,,FALSE,,,,,,FALSE
3276018,6.761538462,6.884615385,6.693333333,,,,FALSE,,,,,,FALSE,,,,,,FALSE
3276141,,,,,,,FALSE,,,,,,FALSE,,6.758333333,6.707692308,6.963636364,,FALSE
3276264,,,,,,,FALSE,,,,,,FALSE,,7.441666667,7.161538462,7.081818182,,FALSE
3276387,,,,,,,FALSE,,,,,,FALSE,,7.145454545,7.25,7.4,,FALSE
3276510,,,,,,,FALSE,,,,,,FALSE,,6.791666667,6.615384615,6.654545455,,FALSE
3276756,,,,,,,FALSE,6.358333333,,,,,FALSE,,,6.469230769,,,FALSE
3276879,,,,,,,FALSE,,,,,,FALSE,,6.225,7.092307692,7.075,,FALSE
3277002,,,,,,,FALSE,,,,,,FALSE,,5.908333333,5.546153846,,,FALSE
3277125,,,,,,,FALSE,,6.784615385,6.38,,,FALSE,,6.858333333,,,,FALSE
3277248,,,,,,,FALSE,,,,,,FALSE,,6.808333333,6.207692308,6,,FALSE
3277494,,,,,,,FALSE,,,,,,FALSE,,5.525,6.146153846,,,FALSE
3277617,7.407692308,6.961538462,7.013333333,,,,FALSE,,,,,,FALSE,,,,,,FALSE
3277740,,,,,,,FALSE,,6.792307692,6.473333333,,,FALSE,,7.133333333,,,,FALSE
3277863,7.792307692,7.5,7.217647059,,,,FALSE,,,,,,FALSE,,,,,,FALSE
3277986,7.1,7.192307692,,,,,FALSE,,,,,,FALSE,,,,,,FALSE
3278109,7.507692308,7.62,7.335294118,,,,FALSE,,,,,,FALSE,,,,,,FALSE
3278232,6.353846154,6.330769231,6.106666667,,,,FALSE,,,,,,FALSE,,,,,,FALSE
3278355,,,,,,,FALSE,,6.484615385,6.106666667,,,FALSE,,6.55,,,,FALSE
3278478,,,,,,,FALSE,,6.484615385,6.653333333,,,FALSE,,,,,,FALSE
3278601,,,,,,,FALSE,,7.007692308,7.013333333,,,FALSE,,,,,,FALSE
3278724,,,,,,,FALSE,,6.576923077,6.02,,,FALSE,,7.7,,,,FALSE
3278847,6.930769231,6.58,6.253333333,,,,FALSE,,,,,,FALSE,,,,,,FALSE
3278970,5.316666667,,,,,,FALSE,5.316666667,6.084615385,,,,FALSE,,,,,,FALSE
3279093,7.283333333,7.14,7.076470588,,,,FALSE,7.283333333,,,,,FALSE,,,,,,FALSE
3279216,,,,,,,FALSE,,6.984615385,6.733333333,,,FALSE,,,,,,FALSE
3279339,,,,,,,FALSE,,,,,,FALSE,,6.781818182,6.925,6.75,,FALSE
3279585,,,,,,,FALSE,,6.092307692,6.08,,,FALSE,,,,,,FALSE
3279708,,,,,,,FALSE,,,,,,FALSE,,5.866666667,6.315384615,6.309090909,,FALSE
3279831,,,,,,,FALSE,,,,,,FALSE,,7.175,7.361538462,6.954545455,,FALSE
3279954,5.733333333,,,,,,FALSE,5.733333333,5.553846154,,,,FALSE,,,,6.490909091,,FALSE
3280077,,,,,,,FALSE,,,,,,FALSE,,5.691666667,6.461538462,6.581818182,,FALSE
3280200,,,,,,,FALSE,,5.946153846,,,,FALSE,,6.991666667,,6.118181818,,FALSE
3280323,,,,,,,FALSE,,6.361538462,5.906666667,,,FALSE,,7.766666667,,,,FALSE
3280446,6.208333333,5.815384615,,,,,FALSE,,,,,,FALSE,,,,,,FALSE
3280569,7.083333333,7.384615385,7.186666667,,,,FALSE,7.083333333,,,,,FALSE,,,,,,FALSE
3280692,,,,,,,FALSE,,,,,,FALSE,,5.933333333,,,,FALSE
3280815,6.775,6.730769231,6.38,,,,FALSE,6.775,,,,,FALSE,,,,,,FALSE
3280938,,,,,,,FALSE,,,,,,FALSE,,6.981818182,6.241666667,6.625,,FALSE
3281061,,,,,,,FALSE,,6.407692308,6.513333333,,,FALSE,,,,,,FALSE
3281184,6.95,6.846153846,6.806666667,,,,FALSE,,,,,,FALSE,,,,,,FALSE
3281307,,,,,,,FALSE,,,,,,FALSE,,6.233333333,6.538461538,6.309090909,,FALSE
3281430,,,,,,,FALSE,,7.284615385,6.96,,,FALSE,,,,,,FALSE
3281553,,,,,,,FALSE,,,,,,FALSE,,5.916666667,6.530769231,6.654545455,,FALSE
3281676,7.45,7.076923077,6.806666667,,,,FALSE,7.45,,,,,FALSE,,,,,,FALSE
3281799,7.366666667,7.1,6.94,,,,FALSE,7.366666667,,,,,FALSE,,,,,,FALSE
3281922,7.025,6.946153846,6.56,,,,FALSE,7.025,,,,,FALSE,,,,,,FALSE
3282045,6.938461538,6.892307692,7.213333333,,,,FALSE,,,,,,FALSE,,,,,,FALSE
3282168,7.107692308,7.076923077,7.06,,,,FALSE,,,,,,FALSE,,,,,,FALSE
3282291,,,,,,,FALSE,,7.169230769,6.733333333,,,FALSE,,6.866666667,,,,FALSE
3282414,5.8,,,,,,FALSE,5.8,6.007692308,,,,FALSE,,,,6.8,,FALSE
3282537,6.530769231,5.853846154,,,,,FALSE,,,5.86,,,FALSE,,,,,,FALSE
3282660,,,,,,,FALSE,,,,,,FALSE,,5.625,5.8,6.081818182,,FALSE
3282783,6.291666667,,,,,,FALSE,6.291666667,6.846153846,6.86,,,FALSE,,,,,,FALSE
3282906,,,,,,,FALSE,,7.2,6.826666667,,,FALSE,,,,,,FALSE
3283029,7.884615385,7.366666667,7.047058824,,,,FALSE,,,,,,FALSE,,,,,,FALSE
3283152,,,,,,,FALSE,,,,,,FALSE,,5.958333333,5.784615385,5.381818182,,FALSE
3283275,7.741666667,7.726666667,7.241176471,,,,FALSE,7.741666667,,,,,FALSE,,,,,,FALSE
3283398,,,,,,,FALSE,,,,,,FALSE,,,6.4,7.054545455,,FALSE
3283521,,,,,,,FALSE,,6.430769231,5.913333333,,,FALSE,,,,,,FALSE
3283644,,,,,,,FALSE,,,,,,FALSE,,6.016666667,,,,FALSE
3283767,7.15,6.338461538,,,,,FALSE,7.15,,6.366666667,,,FALSE,,,,,,FALSE
3283890,6.1,,,,,,FALSE,6.1,5.746153846,,,,FALSE,,,,,,FALSE
3284013,7.25,7.207692308,6.913333333,,,,FALSE,7.25,,,,,FALSE,,,,,,FALSE
3284136,5.933333333,,,,,,FALSE,5.933333333,6.292307692,6.266666667,,,FALSE,,,,,,FALSE
3284259,7.738461538,6.94,6.36,,,,FALSE,,,,,,FALSE,,,,,,FALSE
3284382,,,,,,,FALSE,,,,,,FALSE,,7.327272727,6.433333333,6.481818182,,FALSE
3284505,,,,,,,FALSE,,7.453846154,7.313333333,,,FALSE,,7.758333333,,,,FALSE
3284628,7.123076923,6.969230769,7,,,,FALSE,,,,,,FALSE,,,,,,FALSE
3284751,,,,,,,FALSE,,7.492307692,7.046666667,,,FALSE,,,,,,FALSE
3284874,5.8,,,,,,FALSE,5.8,6.338461538,6.6,,,FALSE,,,,,,FALSE
3284997,,,,,,,FALSE,,,,,,FALSE,,,6.030769231,6.308333333,,FALSE
3285120,,,,,,,FALSE,,,,,,FALSE,,6.381818182,6.283333333,5.9,,FALSE
3285243,,,,,,,FALSE,,6.023076923,5.846666667,,,FALSE,,6.425,,,,FALSE
3285366,6.415384615,6.307692308,6.146666667,,,,FALSE,,,,,,FALSE,,,,,,FALSE
3285489,,,,,,,FALSE,,6.746153846,6.442857143,,,FALSE,,,,,,FALSE
3285612,7.408333333,7.069230769,6.62,,,,FALSE,7.408333333,,,,,FALSE,,,,,,FALSE
3285858,,,,,,,FALSE,,,,,,FALSE,,5.766666667,6.192307692,5.881818182,,FALSE
3285981,,,,,,,FALSE,,5.869230769,,,,FALSE,,7.708333333,,6.108333333,,FALSE
3286104,6.2,6.292307692,6.053333333,,,,FALSE,,,,,,FALSE,,,,,,FALSE
3286227,,,,,,,FALSE,,,,,,FALSE,,6.958333333,6.515384615,6.090909091,,FALSE
3286350,,,,,,,FALSE,,,,,,FALSE,,6.983333333,6.769230769,6.727272727,,FALSE
3286473,,,,,,,FALSE,,7.2,6.326666667,,,FALSE,,7.525,,,,FALSE
3286596,7.275,7.253846154,6.78,,,,FALSE,7.275,,,,,FALSE,,,,,,FALSE
3286719,,,,,,,FALSE,,6.615384615,6.186666667,,,FALSE,,6.525,,,,FALSE
3286842,6.733333333,,,,,,FALSE,6.733333333,6.369230769,6.14,,,FALSE,,,,,,FALSE
3286965,,,,,,,FALSE,,6.638461538,6.18,,,FALSE,,,,,,FALSE
3287211,,,,,,,FALSE,,7.161538462,6.773333333,,,FALSE,,7.041666667,,,,FALSE
3287334,7.846153846,7.846666667,7.605882353,,,,FALSE,,,,,,FALSE,,,,,,FALSE
3287457,6.884615385,6.676923077,5.92,,,,FALSE,,,,,,FALSE,,,,,,FALSE
3287580,7.261538462,7.176923077,7.093333333,,,,FALSE,,,,,,FALSE,,,,,,FALSE
3287703,5.858333333,,,,,,FALSE,5.858333333,,,,,FALSE,,,,,,FALSE
3287826,7.058333333,,,,,,FALSE,7.058333333,6.923076923,6.586666667,,,FALSE,,,,,,FALSE
3287949,,,,,,,FALSE,6.6,6.330769231,,,,FALSE,,,,,,FALSE
3288072,7.230769231,6.906666667,6.511764706,,,,FALSE,,,,,,FALSE,,,,,,FALSE
3288195,7.584615385,7.76,7.782352941,,,,FALSE,,,,,,FALSE,,,,,,FALSE
3288318,6.846153846,6.6,6.213333333,,,,FALSE,,,,,,FALSE,,,,,,FALSE
3288441,,,,,,,FALSE,,7.061538462,6.36,,,FALSE,,7.508333333,,,,FALSE
3288564,,,,,,,FALSE,,6.392307692,6.113333333,,,FALSE,,,,,,FALSE
3288687,6.408333333,,,,,,FALSE,6.408333333,6.746153846,6.713333333,,,FALSE,,,,,,FALSE
3288810,,,,,,,FALSE,,6.984615385,6.773333333,,,FALSE,,6.966666667,,,,FALSE
3288933,,,,,,,FALSE,,6.746153846,6.56,,,FALSE,,,,,,FALSE
3289056,,,,,,,FALSE,6.991666667,6.846153846,,,,FALSE,,,,,,FALSE
3289179,6.583333333,5.830769231,,,,,FALSE,,,,,,FALSE,,,,,,FALSE
3289794,,,,,,,FALSE,,,,,,FALSE,,7.033333333,6.615384615,6.358333333,,FALSE
3291762,,,,,,,FALSE,,,,,,FALSE,,6.408333333,6.466666667,,,FALSE
3292254,,,,,,,FALSE,,,6.86,,,FALSE,,6.983333333,7.492307692,,,FALSE
3292377,,,,,,,FALSE,,,,,,FALSE,,,7.241666667,7.281818182,7.277777778,FALSE
3292500,,,,,,,FALSE,,,,6.227272727,6.32,FALSE,,,,,,FALSE
3292623,,,,,,,FALSE,,,,,,FALSE,,,6.253846154,6.154545455,6.23,FALSE
3292746,,,,,6.254545455,6.78,FALSE,,,,,,FALSE,,,,,,FALSE
3292869,,,,,,,FALSE,,,,6.336363636,6.17,FALSE,,,,,,FALSE
3292992,,,,,,,FALSE,,,,,,FALSE,,,,6.566666667,6.59,FALSE
3293115,,,,,,,FALSE,,,,5.836363636,,FALSE,,,,,,FALSE
3293361,,,6.64,,,,FALSE,,,,,,FALSE,,,,,,FALSE
3293484,,,,,,,FALSE,,,,,,FALSE,,,,6.391666667,6.66,FALSE
3293607,,,,,,,FALSE,,,,,,FALSE,,,,6.083333333,5.82,FALSE
3293730,,,,,,,FALSE,,6.176923077,6.533333333,6.145454545,,FALSE,,,,,,FALSE
3293853,,,,,,,FALSE,,,,6.190909091,6.16,FALSE,,,,,,FALSE
3294099,,,,,,,FALSE,,,,5.372727273,,FALSE,,,,,,FALSE
3294222,,,,,,,FALSE,,,,6.090909091,6.1,FALSE,,,,,,FALSE
3294591,,,6.8,5.46,,,FALSE,,,,,,FALSE,,,,,,FALSE
3294714,,,,,,,FALSE,,,,5.477777778,,FALSE,,,,,,FALSE
3294837,,,,,,,FALSE,,,,5.518181818,,FALSE,,,,,,FALSE
3294960,,,,6.722222222,6.8,6.772727273,FALSE,,,,,,FALSE,,,,,,FALSE
3295083,,,,,,,FALSE,,,,5.318181818,,FALSE,,,,,,FALSE
3295206,,,,,,,FALSE,,6.161538462,6.146666667,6.23,,FALSE,,,,,,FALSE
3295329,,,,,,,FALSE,,,,6.163636364,5.99,FALSE,,,,,,FALSE
3295452,,,,,,,FALSE,,,,,,FALSE,,,6.4,6.009090909,5.83,FALSE
3295575,,,,,,,FALSE,,,,6.418181818,6.4,FALSE,,,,,,FALSE
3295698,,,,,,,FALSE,,,,5.263636364,5.94,FALSE,,,,,,FALSE
3295821,,,,,,,FALSE,,,,5.945454545,6.54,FALSE,,,,,,FALSE
3295944,,,,,,,FALSE,,,,6.618181818,6.69,FALSE,,,,,,FALSE
3296067,,,,,,,FALSE,,,,6.509090909,6.51,FALSE,,,,,,FALSE
3296190,,,,,,,FALSE,,,,6.554545455,6.53,FALSE,,,,,,FALSE
3296559,,,7.821428571,6.8,7.3,,FALSE,,,,,,FALSE,,,,,,FALSE
3296682,,7.025,6.75,,,,FALSE,,,,6.86,,FALSE,,,,,,FALSE
3296805,,,,,,,FALSE,,,6.892857143,7.04,,FALSE,,,7.441666667,,,FALSE
3297051,,,,,,,FALSE,,7.023076923,6.706666667,5.91,,FALSE,,,,,,FALSE
3297174,,,,,,,FALSE,,,,,,FALSE,,,,6.575,6.62,FALSE
3297543,,,,,,,FALSE,,,,,,FALSE,,,7.3,7.091666667,7,FALSE
3297789,,,,,,,FALSE,,,6.34,6.11,5.81,FALSE,,,,,,FALSE
3337149,,,,,,,FALSE,5.533333333,,,,,FALSE,,,6.323076923,,,FALSE
3337272,6.875,,,,,,FALSE,,7.392307692,,,,FALSE,,,,,,FALSE
3337395,7.869230769,7.553333333,,,,,FALSE,,,,,,FALSE,,,,,,FALSE
3337518,7.576923077,7.153333333,,,,,FALSE,,,,,,FALSE,,,,,,FALSE
3337764,6.508333333,6.092307692,,,,,FALSE,,,,,,FALSE,,,,,,FALSE
3337887,,,,,,,FALSE,,,,,,FALSE,,7.625,7.076923077,,,FALSE
3338010,6.375,,,,,,FALSE,,7.076923077,,,,FALSE,,,,,,FALSE
3338133,7.038461538,6.873333333,,,,,FALSE,,,,,,FALSE,,,,,,FALSE
3338256,,,,,,,FALSE,7.066666667,6.846153846,,,,FALSE,,,,,,FALSE
3338379,8.3,8.486666667,,,,,FALSE,,,,,,FALSE,,,,,,FALSE
3338502,,,,,,,FALSE,6.266666667,,,,,FALSE,,,6.807692308,,,FALSE
3338625,6.8,6.507692308,,,,,FALSE,,,,,,FALSE,,,,,,FALSE
3338871,,,,,,,FALSE,,,,,,FALSE,,6.766666667,6.453846154,,,FALSE
3338994,,,,,,,FALSE,6.016666667,,,,,FALSE,,,6.730769231,,,FALSE
3339117,,,,,,,FALSE,7.8,8.153846154,,,,FALSE,,,,,,FALSE
3339363,7.133333333,6.738461538,,,,,FALSE,,,,,,FALSE,,,,,,FALSE
3339609,6.191666667,,,,,,FALSE,,6.492307692,,,,FALSE,,,,,,FALSE
3339732,7.553846154,7.476923077,,,,,FALSE,,,,,,FALSE,,,,,,FALSE
3339855,6.283333333,6.569230769,,,,,FALSE,,,,,,FALSE,,,,,,FALSE
3339978,6.95,5.907692308,,,,,FALSE,,,,,,FALSE,,,,,,FALSE
3340101,7.358333333,7.192307692,,,,,FALSE,,,,,,FALSE,,,,,,FALSE
3340593,,,,,,,FALSE,,,,,,FALSE,,6.425,6.184615385,,,FALSE
3340716,7.45,6.984615385,,,,,FALSE,,,,,,FALSE,,,,,,FALSE
3340839,7.115384615,6.52,,,,,FALSE,,,,,,FALSE,,,,,,FALSE
3340962,,,,,,,FALSE,5.866666667,,,,,FALSE,,,6.561538462,,,FALSE
3341085,,,,,,,FALSE,6.375,,,,,FALSE,,,6.992307692,,,FALSE
3341208,,,,,,,FALSE,5.641666667,,,,,FALSE,,,6.530769231,,,FALSE
3341331,,,,,,,FALSE,,,,,,FALSE,,6.536363636,,,,FALSE
3341454,6.616666667,,,,,,FALSE,,6.692307692,,,,FALSE,,,,,,FALSE
3341577,6.841666667,6.946153846,,,,,FALSE,,,,,,FALSE,,,,,,FALSE
3341700,7.446153846,7.326666667,,,,,FALSE,,,,,,FALSE,,,,,,FALSE
3341823,,,,,,,FALSE,7.658333333,7.623076923,,,,FALSE,,,,,,FALSE
3341946,7.815384615,7.833333333,,,,,FALSE,,,,,,FALSE,,,,,,FALSE
3342069,6.425,6.023076923,,,,,FALSE,,,,,,FALSE,,,,,,FALSE
3342192,7.391666667,6.9,,,,,FALSE,,,,,,FALSE,,,,,,FALSE
3342315,,,,,,,FALSE,7.658333333,7.6,,,,FALSE,,,,,,FALSE
3342438,6.908333333,6.6,,,,,FALSE,,,,,,FALSE,,,,,,FALSE
3342561,,,,,,,FALSE,,6.676923077,,,,FALSE,,7.7,,,,FALSE
3342684,6.741666667,6.207692308,,,,,FALSE,,,,,,FALSE,,,,,,FALSE
3342807,,,,,,,FALSE,,,,,,FALSE,,5.025,,,,FALSE
3343176,6.866666667,6.630769231,,,,,FALSE,,,,,,FALSE,,,,,,FALSE
3343299,5.108333333,,,,,,FALSE,6.566666667,,,,,FALSE,,,,,,FALSE
3343422,5.841666667,,,,,,FALSE,,6.030769231,,,,FALSE,,,,,,FALSE
3343545,,7.069230769,,,,,FALSE,7.583333333,,,,,FALSE,,,,,,FALSE
3343668,,,,,,,FALSE,6.333333333,6.275,,,,FALSE,,,,,,FALSE
3343791,,,,,,,FALSE,6.558333333,6.484615385,,,,FALSE,,,,,,FALSE
3343914,,,,,,,FALSE,,,,,,FALSE,,6.55,6.1,,,FALSE
3344037,7.553846154,7.34,,,,,FALSE,,,,,,FALSE,,,,,,FALSE
3344160,8.207692308,8.253333333,,,,,FALSE,,,,,,FALSE,,,,,,FALSE
3344283,7.158333333,6.269230769,,,,,FALSE,,,,,,FALSE,,,,,,FALSE
3344406,,,,,,,FALSE,,,,,,FALSE,,4.74,,,,FALSE
3344529,7.383333333,6.738461538,,,,,FALSE,,,,,,FALSE,,,,,,FALSE
3344652,,,,,,,FALSE,6.383333333,6.853846154,,,,FALSE,,,,,,FALSE
3344775,7.375,7.2,,,,,FALSE,,,,,,FALSE,,,,,,FALSE
3344898,,,,,,,FALSE,6.033333333,,,,,FALSE,,,6.715384615,,,FALSE
3345021,,,,,,,FALSE,7.183333333,6.330769231,,,,FALSE,,,,,,FALSE
3345144,7.158333333,7,,,,,FALSE,,,,,,FALSE,,,,,,FALSE
3345267,6.708333333,,,,,,FALSE,,6.661538462,,,,FALSE,,,,,,FALSE
3345390,,,,,,,FALSE,7.358333333,7.592307692,,,,FALSE,,,,,,FALSE
3345513,,,,,,,FALSE,,,,,,FALSE,,6.466666667,6.346153846,,,FALSE
3345636,,,,,,,FALSE,5.983333333,,,,,FALSE,,,6.853846154,,,FALSE
3345882,7.591666667,7.753846154,,,,,FALSE,,,,,,FALSE,,,,,,FALSE
3346005,6.6,6.192307692,,,,,FALSE,,,,,,FALSE,,,,,,FALSE
3346128,,,,,,,FALSE,7,7.261538462,,,,FALSE,,,,,,FALSE
3346251,8.284615385,8.086666667,,,,,FALSE,,,,,,FALSE,,,,,,FALSE
3346374,6.183333333,,,,,,FALSE,,6.061538462,,,,FALSE,,,,,,FALSE
3346497,6.969230769,6.615384615,,,,,FALSE,,,,,,FALSE,,,,,,FALSE
3346620,,,,,,,FALSE,,,,,,FALSE,,6.8,6.976923077,,,FALSE
3346743,6.625,,,,,,FALSE,,6.738461538,,,,FALSE,,,,,,FALSE
3346866,8.138461538,8.206666667,,,,,FALSE,,,,,,FALSE,,,,,,FALSE
3346989,,,,,,,FALSE,5.916666667,,,,,FALSE,,,6.808333333,,,FALSE
3347112,,,,,,,FALSE,6.25,6.192307692,,,,FALSE,,,,,,FALSE
3347235,7.138461538,7.123076923,,,,,FALSE,,,,,,FALSE,,,,,,FALSE
3347358,,,,,,,FALSE,6.816666667,6.823076923,,,,FALSE,,,,,,FALSE
3347481,6.325,,,,,,FALSE,,6.484615385,,,,FALSE,,,,,,FALSE
3347727,,,,,,,FALSE,,,,,,FALSE,,6.116666667,5.391666667,,,FALSE
3347850,,,,,,,FALSE,6.175,5.776923077,,,,FALSE,,,,,,FALSE
3347973,,,,,,,FALSE,,,,,,FALSE,,7.009090909,6.783333333,,,FALSE
3348096,,,,,,,FALSE,6.533333333,,,,,FALSE,,,6.807692308,,,FALSE
3348219,,,,,,,FALSE,6.108333333,,,,,FALSE,,,7.030769231,,,FALSE
3348342,4.983333333,,,,,,FALSE,,,,,,FALSE,,,,,,FALSE
3348465,7.083333333,6.869230769,,,,,FALSE,,,,,,FALSE,,,,,,FALSE
3348588,,,,,,,FALSE,5.55,,,,,FALSE,,,6.169230769,,,FALSE
3348711,,,,,,,FALSE,6.525,6.269230769,,,,FALSE,,,,,,FALSE
3348834,,,,,,,FALSE,6.283333333,6.176923077,,,,FALSE,,,,,,FALSE
3348957,,,,,,,FALSE,5.858333333,,,,,FALSE,,,6.746153846,,,FALSE
3349080,,8.076923077,,,,,FALSE,8.383333333,,,,,FALSE,,,,,,FALSE
3349203,,,,,,,FALSE,7.35,7.261538462,,,,FALSE,,,,,,FALSE
3349326,7.625,7.476923077,,,,,FALSE,,,,,,FALSE,,,,,,FALSE
3349449,,,,,,,FALSE,6.8,6.646153846,,,,FALSE,,,,,,FALSE
3349572,,,,,,,FALSE,,7.453846154,,,,FALSE,,7.866666667,,,,FALSE
3349695,,,,,,,FALSE,5.75,,,,,FALSE,,,6.692307692,,,FALSE
3349818,7.516666667,6.523076923,,,,,FALSE,,,,,,FALSE,,,,,,FALSE
3349941,,,,,,,FALSE,6.683333333,,,,,FALSE,,,7.184615385,,,FALSE
3350064,7.116666667,6.692307692,,,,,FALSE,,,,,,FALSE,,,,,,FALSE
3350187,7.866666667,6.9,,,,,FALSE,,,,,,FALSE,,,,,,FALSE
3350310,6.666666667,,,,,,FALSE,,7.161538462,,,,FALSE,,,,,,FALSE
3350433,6.091666667,,,,,,FALSE,,6.115384615,,,,FALSE,,,,,,FALSE
3350556,6.366666667,,,,,,FALSE,,6.284615385,,,,FALSE,,,,,,FALSE
3350679,,,,,,,FALSE,,,,,,FALSE,,7.475,7.692307692,,,FALSE
3350802,,,,,,,FALSE,5.883333333,,,,,FALSE,,,6.269230769,,,FALSE
3350925,,,,,,,FALSE,7.075,6.838461538,,,,FALSE,,,,,,FALSE
3351048,,,,,,,FALSE,7.191666667,6.8,,,,FALSE,,,,,,FALSE
3351171,7.183333333,6.984615385,,,,,FALSE,,,,,,FALSE,,,,,,FALSE
3351294,7.592307692,7.386666667,,,,,FALSE,,,,,,FALSE,,,,,,FALSE
3351417,,,,,,,FALSE,5.75,,,,,FALSE,,,6.738461538,,,FALSE
3351540,6.991666667,7.030769231,,,,,FALSE,,,,,,FALSE,,,,,,FALSE
3351663,,,,,,,FALSE,6.8,6.884615385,,,,FALSE,,,,,,FALSE
3351786,6.833333333,6.269230769,,,,,FALSE,,,,,,FALSE,,,,,,FALSE
3351909,6.85,6.738461538,,,,,FALSE,,,,,,FALSE,,,,,,FALSE
3352032,,,,,,,FALSE,6.975,6.123076923,,,,FALSE,,,,,,FALSE
3352155,5.2,,,,,,FALSE,,,,,,FALSE,,,5.892307692,,,FALSE
3352278,,,,,,,FALSE,,6.084615385,,,,FALSE,,7.566666667,,,,FALSE
3352401,6.591666667,6.284615385,,,,,FALSE,,,,,,FALSE,,,,,,FALSE
3352524,6.8,7.1,,,,,FALSE,,,,,,FALSE,,,,,,FALSE
3352647,,,,,,,FALSE,6.575,6.646153846,,,,FALSE,,,,,,FALSE
3352770,7.425,6.923076923,,,,,FALSE,,,,,,FALSE,,,,,,FALSE
3352893,7.766666667,7.392307692,,,,,FALSE,,,,,,FALSE,,,,,,FALSE
3353016,,,,,,,FALSE,,,,,,FALSE,,6.375,5.623076923,,,FALSE
3353139,7.3,6.96,,,,,FALSE,,,,,,FALSE,,,,,,FALSE
3353262,6.375,6.238461538,,,,,FALSE,,,,,,FALSE,,,,,,FALSE
3353385,6.766666667,6.930769231,,,,,FALSE,,,,,,FALSE,,,,,,FALSE
3353508,6.958333333,6.984615385,,,,,FALSE,,,,,,FALSE,,,,,,FALSE
3353631,6.491666667,,,,,,FALSE,,7.058333333,,,,FALSE,,,,,,FALSE
3353754,7.308333333,6.707692308,,,,,FALSE,,,,,,FALSE,,,,,,FALSE
3353877,,,,,,,FALSE,6.516666667,6.823076923,,,,FALSE,,,,,,FALSE
3354000,,,,,,,FALSE,6.05,,,,,FALSE,,,6.692307692,,,FALSE
3354123,6.9,6.586666667,,,,,FALSE,,,,,,FALSE,,,,,,FALSE
3354246,,,,,,,FALSE,6.85,6.876923077,,,,FALSE,,,,,,FALSE
3354369,,,,,,,FALSE,6.75,6.9,,,,FALSE,,,,,,FALSE
3354492,,,,,,,FALSE,6.041666667,5.915384615,,,,FALSE,,,,,,FALSE
3354615,,,,,,,FALSE,6.858333333,6.753846154,,,,FALSE,,,,,,FALSE
3354738,6.983333333,6.638461538,,,,,FALSE,,,,,,FALSE,,,,,,FALSE
3354861,6.441666667,6.146153846,,,,,FALSE,,,,,,FALSE,,,,,,FALSE
3354984,,,,,,,FALSE,5.633333333,,,,,FALSE,,,6.961538462,,,FALSE
3355107,6.191666667,6.107692308,,,,,FALSE,,,,,,FALSE,,,,,,FALSE
3355230,6.991666667,6.823076923,,,,,FALSE,,,,,,FALSE,,,,,,FALSE
3355353,7.191666667,7.015384615,,,,,FALSE,,,,,,FALSE,,,,,,FALSE
3355476,,,,,,,FALSE,6.941666667,6.646153846,,,,FALSE,,,,,,FALSE
3355599,,,,,,,FALSE,6.058333333,6.223076923,,,,FALSE,,,,,,FALSE
3355722,6.9,6.838461538,,,,,FALSE,,,,,,FALSE,,,,,,FALSE
3355845,,,,,,,FALSE,5.825,,,,,FALSE,,,5.9,,,FALSE
3355968,6.425,,,,,,FALSE,,7.023076923,,,,FALSE,,,,,,FALSE
3356091,,,,,,,FALSE,6.75,6.530769231,,,,FALSE,,,,,,FALSE
3356214,7.35,7.238461538,,,,,FALSE,,,,,,FALSE,,,,,,FALSE
3356337,,,,,,,FALSE,6.675,6.384615385,,,,FALSE,,,,,,FALSE
3356460,,,,,,,FALSE,7.125,7.107692308,,,,FALSE,,,,,,FALSE
3356583,5.733333333,,,,,,FALSE,,,,,,FALSE,,,,,,FALSE
3356829,7.225,7.038461538,,,,,FALSE,,,,,,FALSE,,,,,,FALSE
3356952,,,,,,,FALSE,6.591666667,,,,,FALSE,,,7.576923077,,,FALSE
3357075,,,,,,,FALSE,,,,,,FALSE,,6.316666667,,,,FALSE
3357198,,,,,,,FALSE,6.408333333,,,,,FALSE,,,6.976923077,,,FALSE
3357321,6,,,,,,FALSE,,5.366666667,,,,FALSE,,,,,,FALSE
3357444,,,,,,,FALSE,,,,,,FALSE,,5.508333333,,,,FALSE
3357567,,,,,,,FALSE,,,,,,FALSE,,6.354545455,6.15,,,FALSE
3357690,,,,,,,FALSE,6.941666667,7.084615385,,,,FALSE,,,,,,FALSE
3358182,,,6.226666667,,,,FALSE,,,,5.64,,FALSE,,,,,,FALSE
3358305,,,,,,,FALSE,,,,6.58,6.7,FALSE,,,,,,FALSE
3358428,,,,,,,FALSE,,,,,,FALSE,,,,6.481818182,6.71,FALSE
3359781,,,,6.43,6.572727273,,FALSE,,,,,,FALSE,,,,,,FALSE
3359904,,,,,7.32,6.99,FALSE,,,,,,FALSE,,,,,,FALSE
3360027,8.316666667,8,,,,,FALSE,,,,,,FALSE,,,,,,FALSE
3360396,,,,,,,FALSE,,,,6.39,6.6,FALSE,,,,,,FALSE
3360642,,,,,,,FALSE,,,,,,FALSE,,,5.946153846,,,FALSE
3361995,,,7.02,7.21,,,FALSE,,,,,,FALSE,,,,,,FALSE
3362118,,,,,,,FALSE,,5.908333333,5.092857143,,,FALSE,,,,,,FALSE
3362364,,,,,,,FALSE,,,,6.12,5.9,FALSE,,,,,,FALSE
3362487,,,,,,,FALSE,,,,6.45,6.71,FALSE,,,,,,FALSE
3362979,,,,,,,FALSE,,,,6.57,6.46,FALSE,,,,,,FALSE
3363348,,,,,,,FALSE,,,,,,FALSE,,,,6.345454545,6.5,FALSE
3363840,8.061538462,8.273333333,,,,,FALSE,,,,,,FALSE,,,,,,FALSE
3364209,,,,,,,FALSE,,5.492307692,,,,FALSE,,,,6.045454545,,FALSE
3364332,,,,6.25,,,FALSE,,,,,,FALSE,,,,,,FALSE
3364455,,,6.673333333,,,,FALSE,,,,6.61,,FALSE,,,,,,FALSE
3364578,5.75,,,,,,FALSE,,5.676923077,,,,FALSE,,,,,,FALSE
3365070,,,6.690909091,6.3,,,FALSE,,,,,,FALSE,,,,,,FALSE
3365193,,,,,,,FALSE,6.466666667,,,,,FALSE,,,,,,FALSE
3365439,8.607692308,,,,,,FALSE,,,,,,FALSE,,,,,,FALSE
3365685,6.6,,,,,,FALSE,,,,,,FALSE,,,,,,FALSE
3365808,,,,,,,FALSE,6.508333333,,,,,FALSE,,,,,,FALSE
3366054,,,,,,,FALSE,,,,,,FALSE,,6.341666667,,,,FALSE
3366300,6.691666667,,,,,,FALSE,,,,,,FALSE,,,,,,FALSE
3366423,,,,,,,FALSE,6.608333333,,,,,FALSE,,,,,,FALSE
3366546,6.433333333,,,,,,FALSE,,,,,,FALSE,,,,,,FALSE
3366669,7.45,,,,,,FALSE,,,,,,FALSE,,,,,,FALSE
3366792,6.2,,,,,,FALSE,,,,,,FALSE,,,,,,FALSE
3366915,,,,,,,FALSE,,,,,,FALSE,,6.325,,,,FALSE
3367038,,,,,,,FALSE,7.008333333,,,,,FALSE,,,,,,FALSE
3367161,,,,,,,FALSE,,,,,,FALSE,,7.154545455,,,,FALSE
3367284,,,,,,,FALSE,7.358333333,,,,,FALSE,,,,,,FALSE
3367407,6.675,,,,,,FALSE,,,,,,FALSE,,,,,,FALSE
3367530,,,,,,,FALSE,6.633333333,,,,,FALSE,,,,,,FALSE
3367653,6.683333333,,,,,,FALSE,,,,,,FALSE,,,,,,FALSE
3367899,,,,,,,FALSE,6.033333333,,,,,FALSE,,,,,,FALSE
3368022,,,,,,,FALSE,7.708333333,,,,,FALSE,,,,,,FALSE
3368145,7.791666667,,,,,,FALSE,,,,,,FALSE,,,,,,FALSE
3368268,,,,,,,FALSE,7.083333333,,,,,FALSE,,,,,,FALSE
3368391,7.291666667,,,,,,FALSE,,,,,,FALSE,,,,,,FALSE
3368514,,,,,,,FALSE,,,,,,FALSE,,6.55,,,,FALSE
3368637,,,,,,,FALSE,5.325,,,,,FALSE,,,,,,FALSE
3372204,,,,,,,FALSE,,,,,,FALSE,,7.75,,,,FALSE
3372327,7.066666667,,,,,,FALSE,,,,,,FALSE,,,,,,FALSE
3372942,6.483333333,,,,,,FALSE,,,,,,FALSE,,,,,,FALSE
3373065,5.375,,,,,,FALSE,,,,,,FALSE,,,,,,FALSE
3373188,,,,,,,FALSE,6.758333333,,,,,FALSE,,,,,,FALSE
3373680,,,,,,,FALSE,6.741666667,,,,,FALSE,,,,,,FALSE
3373803,,,,,,,FALSE,7.291666667,,,,,FALSE,,,,,,FALSE
3373926,7.876923077,,,,,,FALSE,,,,,,FALSE,,,,,,FALSE
3374049,,,,,,,FALSE,7.416666667,,,,,FALSE,,,,,,FALSE
3374295,7.275,,,,,,FALSE,,,,,,FALSE,,,,,,FALSE
3374787,4.891666667,,,,,,FALSE,,,,,,FALSE,,,,,,FALSE
3384504,5.841666667,,,,,,FALSE,,,,,,FALSE,,,,,,FALSE
3384750,,,,,,,FALSE,7.441666667,,,,,FALSE,,,,,,FALSE
3384873,,,,,,,FALSE,,,,,,FALSE,,7.658333333,,,,FALSE
3384996,,,,,,,FALSE,7.308333333,,,,,FALSE,,,,,,FALSE
3385242,,,,,,,FALSE,7.608333333,,,,,FALSE,,,,,,FALSE
3385365,,,,,,,FALSE,,,,,,FALSE,,6.208333333,,,,FALSE
3385488,7.961538462,,,,,,FALSE,,,,,,FALSE,,,,,,FALSE
3390777,,,,,,,FALSE,5.95,,,,,FALSE,,,,,,FALSE
3390900,,,,,,,FALSE,,,,,,FALSE,,5.125,,,,FALSE
3391023,6.715384615,,,,,,FALSE,,,,,,FALSE,,,,,,FALSE
3391146,,,,,,,FALSE,6.6,,,,,FALSE,,,,,,FALSE
3391269,,,,,,,FALSE,7.291666667,,,,,FALSE,,,,,,FALSE
3391392,6.830769231,,,,,,FALSE,,,,,,FALSE,,,,,,FALSE
3391515,6.7,,,,,,FALSE,,,,,,FALSE,,,,,,FALSE
3391638,6.8,,,,,,FALSE,,,,,,FALSE,,,,,,FALSE
3391761,7.258333333,,,,,,FALSE,,,,,,FALSE,,,,,,FALSE
3391884,7.058333333,,,,,,FALSE,,,,,,FALSE,,,,,,FALSE
3394098,,,,,,,FALSE,6.554545455,6.623076923,,,,FALSE,,,,,,FALSE
3394713,7.484615385,,,,,,FALSE,,,,,,FALSE,,,,,,FALSE
3394836,6.791666667,,,,,,FALSE,,,,,,FALSE,,,,,,FALSE
3394959,8.123076923,,,,,,FALSE,,,,,,FALSE,,,,,,FALSE
3395082,6.758333333,,,,,,FALSE,,,,,,FALSE,,,,,,FALSE
3395205,,,,,,,FALSE,6.583333333,,,,,FALSE,,,,,,FALSE
3395328,6.508333333,,,,,,FALSE,,,,,,FALSE,,,,,,FALSE
3395451,6.066666667,,,,,,FALSE,,,,,,FALSE,,,,,,FALSE
3395943,6.625,,,,,,FALSE,,,,,,FALSE,,,,,,FALSE
3396066,6.6,,,,,,FALSE,,,,,,FALSE,,,,,,FALSE
3396189,,,,,,,FALSE,6.258333333,,,,,FALSE,,,,,,FALSE
3396312,,,,,,,FALSE,7.108333333,,,,,FALSE,,,,,,FALSE
3396927,,,,,,,FALSE,5.891666667,,,,,FALSE,,,,,,FALSE
3397050,6.766666667,,,,,,FALSE,,,,,,FALSE,,,,,,FALSE
3397173,7.261538462,,,,,,FALSE,,,,,,FALSE,,,,,,FALSE
3397296,6.333333333,,,,,,FALSE,,,,,,FALSE,,,,,,FALSE
3397419,,,,,,,FALSE,,,,,,FALSE,,6.825,,,,FALSE
3397542,7.166666667,,,,,,FALSE,,,,,,FALSE,,,,,,FALSE
3397665,7.15,,,,,,FALSE,,,,,,FALSE,,,,,,FALSE
3397788,7.266666667,,,,,,FALSE,,,,,,FALSE,,,,,,FALSE
3397911,8.191666667,,,,,,FALSE,,,,,,FALSE,,,,,,FALSE
3409473,6.8,,,,,,FALSE,,,,,,FALSE,,,,,,FALSE
3409596,7.123076923,,,,,,FALSE,,,,,,FALSE,,,,,,FALSE
3409719,6.907692308,,,,,,FALSE,,,,,,FALSE,,,,,,FALSE
3409842,6.592307692,,,,,,FALSE,,,,,,FALSE,,,,,,FALSE
3409965,7.192307692,,,,,,FALSE,,,,,,FALSE,,,,,,FALSE
3410088,,,,,,,FALSE,6.016666667,,,,,FALSE,,,,,,FALSE
3410211,7.2,,,,,,FALSE,,,,,,FALSE,,,,,,FALSE
3410334,,,,,,,FALSE,6.641666667,,,,,FALSE,,,,,,FALSE
3410457,,,,,,,FALSE,5.916666667,,,,,FALSE,,,,,,FALSE
3410580,,,,,,,FALSE,6.983333333,,,,,FALSE,,,,,,FALSE
3411318,7.266666667,,,,,,FALSE,,,,,,FALSE,,,,,,FALSE
3411441,7.041666667,,,,,,FALSE,,,,,,FALSE,,,,,,FALSE
3411564,7.066666667,,,,,,FALSE,,,,,,FALSE,,,,,,FALSE
3411687,6.891666667,,,,,,FALSE,,,,,,FALSE,,,,,,FALSE
3411810,6.766666667,,,,,,FALSE,,,,,,FALSE,,,,,,FALSE
3411933,7.158333333,,,,,,FALSE,,,,,,FALSE,,,,,,FALSE
3412425,,,,,,,FALSE,5.8,,,,,FALSE,,,,,,FALSE
3412548,,,,,,,FALSE,5.991666667,,,,,FALSE,,,,,,FALSE
3412794,,,,,,,FALSE,7.266666667,,,,,FALSE,,,,,,FALSE
3413286,,,,,,,FALSE,6.683333333,,,,,FALSE,,,,,,FALSE
3413409,7.441666667,,,,,,FALSE,,,,,,FALSE,,,,,,FALSE
3413532,,,,,,,FALSE,7.441666667,,,,,FALSE,,,,,,FALSE
3413655,,,,,,,FALSE,8.033333333,,,,,FALSE,,,,,,FALSE
3413778,,,,,,,FALSE,5.225,,,,,FALSE,,,,,,FALSE
3413901,,,,,,,FALSE,6.808333333,,,,,FALSE,,,,,,FALSE
3414024,8.241666667,,,,,,FALSE,,,,,,FALSE,,,,,,FALSE
3414147,6.641666667,,,,,,FALSE,,,,,,FALSE,,,,,,FALSE
3414270,7.391666667,,,,,,FALSE,,,,,,FALSE,,,,,,FALSE
3414516,,,,,,,FALSE,5.783333333,,,,,FALSE,,,,,,FALSE
3414639,,,,,,,FALSE,6.6,,,,,FALSE,,,,,,FALSE
3414762,6.783333333,,,,,,FALSE,,,,,,FALSE,,,,,,FALSE
3414885,6.916666667,,,,,,FALSE,,,,,,FALSE,,,,,,FALSE
3415008,,,,,,,FALSE,,,,5.53,,FALSE,,,,,,FALSE
3415131,,,,,,,FALSE,,,,6.41,,FALSE,,,,,,FALSE
3415254,,,,,,,FALSE,,,,,,FALSE,,,,7.027272727,,FALSE
3415377,,,,,,,FALSE,,,,6.31,,FALSE,,,,,,FALSE
3415746,6.266666667,,,,,,FALSE,,,,,,FALSE,,,,,,FALSE
3415869,7.216666667,,,,,,FALSE,,,,,,FALSE,,,,,,FALSE
3415992,,,,,,,FALSE,7.866666667,,,,,FALSE,,,,,,FALSE
3416115,7.65,,,,,,FALSE,,,,,,FALSE,,,,,,FALSE
3416238,,,,,,,FALSE,,,,,,FALSE,,7.516666667,,,,FALSE
3416361,,,,,,,FALSE,5.475,,,,,FALSE,,,,,,FALSE
3416484,,,,,,,FALSE,,,,,,FALSE,,5.608333333,,,,FALSE
3416607,,,,,,,FALSE,6.841666667,,,,,FALSE,,,,,,FALSE
3416730,,,,,,,FALSE,6.758333333,,,,,FALSE,,,,,,FALSE
3416853,,,,,,,FALSE,6.741666667,,,,,FALSE,,,,,,FALSE
3416976,,,,,,,FALSE,,,,,,FALSE,,6.233333333,,,,FALSE
3417099,,,,,,,FALSE,,,,,,FALSE,,6.708333333,,,,FALSE
3417222,,,,,,,FALSE,6.691666667,,,,,FALSE,,,,,,FALSE
3417345,,,,,,,FALSE,5.9,,,,,FALSE,,,,,,FALSE
3417468,,,,,,,FALSE,,,,,,FALSE,,6.872727273,,,,FALSE
3417591,,,,,,,FALSE,7.708333333,,,,,FALSE,,,,,,FALSE
3417837,,,,,,,FALSE,,,,6.2,,FALSE,,,,,,FALSE
3418083,7.015384615,,,,,,FALSE,,,,,,FALSE,,,,,,FALSE
3418329,,,,,,,FALSE,,,,,,FALSE,,6.5,,,,FALSE
3418698,6.658333333,,,,,,FALSE,,,,,,FALSE,,,,,,FALSE
3418944,,,,,,,FALSE,,,,,,FALSE,,6.508333333,,,,FALSE
3419190,,,,,,,FALSE,,,,,,FALSE,,6.1,,,,FALSE
3419928,6.583333333,,,,,,FALSE,,,,,,FALSE,,,,,,FALSE
3420051,7.7,,,,,,FALSE,,,,,,FALSE,,,,,,FALSE
3420174,,,,,,,FALSE,,,,5.79,,FALSE,,,,,,FALSE
3420297,,,,,,,FALSE,,,,6.054545455,,FALSE,,,,,,FALSE
3420420,,,,,6.88,,FALSE,,,,,,FALSE,,,,,,FALSE
3421527,,6.007692308,,,,,FALSE,,,,,,FALSE,,,,,,FALSE
3422880,,,,6.84,,,FALSE,,,,,,FALSE,,,,,,FALSE
3423126,6.792307692,,,,,,FALSE,,,,,,FALSE,,,,,,FALSE
3423618,,,,,,,FALSE,,,,,,FALSE,,,6.323076923,,,FALSE
3423741,,,,,,,FALSE,,,6.733333333,,,FALSE,,,,,,FALSE
3424725,,,,,,,FALSE,,,,,,FALSE,,,6.6,,,FALSE
3482412,,,,,,,FALSE,,4.881818182,,,,FALSE,,,,,,FALSE
,,,,,,,,,,,,,,,,,,,
,,,,,,,21,,,,,,39,,,,,,90
